city,date,house_type,mom,yoy,ytd_avg
三亚,2025-02,二手房,99.8,93.1,93.0
三亚,2025-02,新房,99.9,96.8,96.7
三亚,2025-03,二手房,99.7,93.2,93.0
三亚,2025-03,新房,99.8,96.8,96.7
三亚,2025-04,二手房,99.6,93.2,93.1
三亚,2025-04,新房,100.2,97.5,96.9
三亚,2025-05,二手房,99.4,93.3,93.1
三亚,2025-05,新房,100.1,98.2,97.2
三亚,2025-06,二手房,99.5,93.2,93.1
三亚,2025-06,新房,100.1,98.2,97.3
三亚,2025-07,二手房,99.5,93.4,93.2
三亚,2025-07,新房,100.2,99.0,97.6
三亚,2025-08,二手房,99.6,93.3,93.2
三亚,2025-08,新房,99.7,99.2,97.8
三亚,2025-09,二手房,99.2,94.2,93.3
三亚,2025-09,新房,100.0,100.1,98.0
三亚,2025-10,二手房,98.9,94.0,93.4
三亚,2025-10,新房,99.5,99.9,98.2
三亚,2025-11,二手房,98.8,93.4,93.4
三亚,2025-11,新房,99.5,99.8,98.3
三亚,2025-12,二手房,99.3,93.3,93.4
三亚,2025-12,新房,100.1,99.4,98.4
上海,2025-01,二手房,100.6,105.6,
上海,2025-01,新房,100.6,105.6,
上海,2025-02,二手房,99.6,97.9,97.8
上海,2025-02,新房,100.2,105.6,105.6
上海,2025-03,二手房,100.4,98.6,98.1
上海,2025-03,新房,100.7,105.7,105.6
上海,2025-04,二手房,100.1,99.4,98.4
上海,2025-04,新房,100.5,105.9,105.7
上海,2025-05,二手房,99.3,99.9,98.7
上海,2025-05,新房,100.7,105.9,105.7
上海,2025-06,二手房,99.3,98.7,98.7
上海,2025-06,新房,100.4,106.0,105.8
上海,2025-07,二手房,99.1,97.8,98.6
上海,2025-07,新房,100.3,106.1,105.8
上海,2025-08,二手房,99.0,97.4,98.4
上海,2025-08,新房,100.4,105.9,105.8
上海,2025-09,二手房,99.0,97.6,98.3
上海,2025-09,新房,100.3,105.6,105.8
上海,2025-10,二手房,99.1,96.6,98.2
上海,2025-10,新房,100.3,105.7,105.8
上海,2025-11,二手房,99.2,95.4,97.9
上海,2025-11,新房,100.1,105.1,105.7
上海,2025-12,二手房,99.4,93.9,97.6
上海,2025-12,新房,100.2,104.8,105.7
丹东,2025-02,二手房,100.0,89.6,89.5
丹东,2025-02,新房,99.6,93.8,93.8
丹东,2025-03,二手房,99.6,90.1,89.7
丹东,2025-03,新房,99.3,93.5,93.7
丹东,2025-04,二手房,100.1,91.4,90.1
丹东,2025-04,新房,99.9,94.3,93.9
丹东,2025-05,二手房,99.6,92.3,90.5
丹东,2025-05,新房,99.8,94.9,94.1
丹东,2025-06,二手房,99.1,92.0,90.8
丹东,2025-06,新房,100.1,95.5,94.3
丹东,2025-07,二手房,99.5,92.9,91.1
丹东,2025-07,新房,99.8,95.5,94.5
丹东,2025-08,二手房,99.4,93.5,91.4
丹东,2025-08,新房,99.6,95.7,94.6
丹东,2025-09,二手房,99.6,94.0,91.6
丹东,2025-09,新房,99.7,96.1,94.8
丹东,2025-10,二手房,99.9,95.4,92.0
丹东,2025-10,新房,99.9,96.4,94.9
丹东,2025-11,二手房,99.8,96.4,92.4
丹东,2025-11,新房,99.7,96.5,95.1
丹东,2025-12,二手房,99.7,96.4,92.7
丹东,2025-12,新房,100.0,96.9,95.2
乌鲁木齐,2025-01,二手房,99.6,97.0,
乌鲁木齐,2025-01,新房,99.6,97.0,
乌鲁木齐,2025-02,二手房,99.7,94.2,94.1
乌鲁木齐,2025-02,新房,99.9,96.8,96.9
乌鲁木齐,2025-03,二手房,99.8,94.5,94.3
乌鲁木齐,2025-03,新房,100.1,97.2,97.0
乌鲁木齐,2025-04,二手房,99.3,94.4,94.3
乌鲁木齐,2025-04,新房,100.3,97.9,97.2
乌鲁木齐,2025-05,二手房,99.8,94.8,94.4
乌鲁木齐,2025-05,新房,100.4,98.5,97.5
乌鲁木齐,2025-06,二手房,99.6,95.4,94.6
乌鲁木齐,2025-06,新房,100.2,99.4,97.8
乌鲁木齐,2025-07,二手房,99.7,95.4,94.7
乌鲁木齐,2025-07,新房,100.3,100.3,98.1
乌鲁木齐,2025-08,二手房,99.8,95.3,94.8
乌鲁木齐,2025-08,新房,100.1,100.6,98.4
乌鲁木齐,2025-09,二手房,99.4,95.6,94.8
乌鲁木齐,2025-09,新房,99.8,100.6,98.7
乌鲁木齐,2025-10,二手房,99.6,95.7,94.9
乌鲁木齐,2025-10,新房,100.2,100.9,98.9
乌鲁木齐,2025-11,二手房,99.7,95.7,95.0
乌鲁木齐,2025-11,新房,99.9,100.8,99.1
乌鲁木齐,2025-12,二手房,99.3,95.5,95.0
乌鲁木齐,2025-12,新房,99.8,100.6,99.2
九江,2025-02,二手房,99.8,91.1,91.0
九江,2025-02,新房,100.0,93.0,92.7
九江,2025-03,二手房,99.8,91.2,91.0
九江,2025-03,新房,99.7,93.3,92.9
九江,2025-04,二手房,99.9,92.5,91.4
九江,2025-04,新房,99.6,93.6,93.1
九江,2025-05,二手房,99.3,92.9,91.7
九江,2025-05,新房,100.2,95.5,93.5
九江,2025-06,二手房,99.2,92.7,91.9
九江,2025-06,新房,100.1,96.7,94.0
九江,2025-07,二手房,99.9,94.0,92.2
九江,2025-07,新房,99.7,97.2,94.5
九江,2025-08,二手房,99.9,94.5,92.4
九江,2025-08,新房,99.8,97.1,94.8
九江,2025-09,二手房,98.9,94.9,92.7
九江,2025-09,新房,99.1,96.5,95.0
九江,2025-10,二手房,99.2,94.7,92.9
九江,2025-10,新房,99.1,95.9,95.1
九江,2025-11,二手房,99.1,94.2,93.0
九江,2025-11,新房,99.3,96.2,95.2
九江,2025-12,二手房,99.2,93.8,93.1
九江,2025-12,新房,99.8,96.3,95.3
兰州,2025-01,二手房,100.0,92.4,
兰州,2025-01,新房,100.0,92.4,
兰州,2025-02,二手房,99.9,91.0,90.9
兰州,2025-02,新房,99.8,92.7,92.6
兰州,2025-03,二手房,99.8,91.6,91.1
兰州,2025-03,新房,99.5,92.3,92.5
兰州,2025-04,二手房,99.7,92.2,91.4
兰州,2025-04,新房,99.6,92.5,92.5
兰州,2025-05,二手房,99.5,92.4,91.6
兰州,2025-05,新房,99.9,92.9,92.6
兰州,2025-06,二手房,99.3,92.9,91.8
兰州,2025-06,新房,99.8,94.1,92.8
兰州,2025-07,二手房,99.7,93.5,92.0
兰州,2025-07,新房,99.3,94.6,93.1
兰州,2025-08,二手房,99.4,94.5,92.3
兰州,2025-08,新房,99.6,95.9,93.4
兰州,2025-09,二手房,99.3,94.3,92.5
兰州,2025-09,新房,99.7,96.0,93.7
兰州,2025-10,二手房,99.7,95.3,92.8
兰州,2025-10,新房,99.8,96.6,94.0
兰州,2025-11,二手房,99.4,94.9,93.0
兰州,2025-11,新房,99.7,96.5,94.2
兰州,2025-12,二手房,99.4,94.5,93.1
兰州,2025-12,新房,99.2,95.9,94.3
包头,2025-02,二手房,99.8,89.4,89.1
包头,2025-02,新房,99.6,93.6,93.5
包头,2025-03,二手房,99.2,89.3,89.2
包头,2025-03,新房,99.4,93.4,93.5
包头,2025-04,二手房,99.8,89.9,89.4
包头,2025-04,新房,99.6,93.6,93.5
包头,2025-05,二手房,99.5,90.3,89.5
包头,2025-05,新房,99.7,93.8,93.6
包头,2025-06,二手房,99.3,90.9,89.8
包头,2025-06,新房,99.5,94.1,93.6
包头,2025-07,二手房,99.3,91.5,90.0
包头,2025-07,新房,99.4,94.4,93.8
包头,2025-08,二手房,99.2,92.1,90.3
包头,2025-08,新房,99.1,94.2,93.8
包头,2025-09,二手房,99.1,92.5,90.5
包头,2025-09,新房,99.0,94.1,93.8
包头,2025-10,二手房,99.0,92.8,90.7
包头,2025-10,新房,99.3,94.1,93.9
包头,2025-11,二手房,99.1,92.6,90.9
包头,2025-11,新房,99.4,93.9,93.9
包头,2025-12,二手房,99.3,92.4,91.0
包头,2025-12,新房,99.0,93.2,93.8
北京,2025-01,二手房,99.6,94.3,
北京,2025-01,新房,99.6,94.3,
北京,2025-02,二手房,100.0,97.1,96.6
北京,2025-02,新房,100.1,94.5,94.4
北京,2025-03,二手房,100.5,97.9,97.1
北京,2025-03,新房,99.8,94.3,94.4
北京,2025-04,二手房,99.4,99.0,97.5
北京,2025-04,新房,100.1,95.0,94.5
北京,2025-05,二手房,99.2,99.3,97.9
北京,2025-05,新房,99.6,95.7,94.7
北京,2025-06,二手房,99.0,98.2,97.9
北京,2025-06,新房,99.7,95.9,94.9
北京,2025-07,二手房,98.9,97.1,97.8
北京,2025-07,新房,100.0,96.4,95.1
北京,2025-08,二手房,98.8,96.9,97.7
北京,2025-08,新房,99.6,96.5,95.3
北京,2025-09,二手房,99.1,97.3,97.7
北京,2025-09,新房,100.2,97.4,95.5
北京,2025-10,二手房,98.9,95.3,97.4
北京,2025-10,新房,99.9,98.0,95.8
北京,2025-11,二手房,98.7,93.2,97.1
北京,2025-11,新房,99.5,97.9,96.0
北京,2025-12,二手房,98.7,91.5,96.6
北京,2025-12,新房,99.6,97.6,96.1
北海,2025-02,二手房,99.4,94.6,94.7
北海,2025-02,新房,99.7,94.1,94.4
北海,2025-03,二手房,99.8,94.7,94.7
北海,2025-03,新房,99.7,93.5,94.1
北海,2025-04,二手房,99.5,94.6,94.7
北海,2025-04,新房,99.6,93.6,94.0
北海,2025-05,二手房,99.3,94.5,94.6
北海,2025-05,新房,99.4,93.5,93.9
北海,2025-06,二手房,99.2,93.9,94.5
北海,2025-06,新房,99.6,93.5,93.8
北海,2025-07,二手房,99.4,93.7,94.4
北海,2025-07,新房,99.4,93.3,93.7
北海,2025-08,二手房,99.6,94.4,94.4
北海,2025-08,新房,99.5,94.0,93.8
北海,2025-09,二手房,99.5,94.6,94.4
北海,2025-09,新房,99.3,94.3,93.8
北海,2025-10,二手房,99.4,94.3,94.4
北海,2025-10,新房,99.6,94.6,93.9
北海,2025-11,二手房,99.5,94.2,94.4
北海,2025-11,新房,99.1,94.2,93.9
北海,2025-12,二手房,99.2,93.8,94.3
北海,2025-12,新房,99.3,93.8,93.9
南京,2025-01,二手房,100.7,95.2,
南京,2025-01,新房,100.7,95.2,
南京,2025-02,二手房,99.7,94.9,94.6
南京,2025-02,新房,100.5,96.6,95.9
南京,2025-03,二手房,99.6,95.1,94.8
南京,2025-03,新房,100.1,97.9,96.6
南京,2025-04,二手房,99.3,95.7,95.0
南京,2025-04,新房,99.6,98.3,97.0
南京,2025-05,二手房,99.1,95.4,95.1
南京,2025-05,新房,99.8,99.2,97.4
南京,2025-06,二手房,99.1,94.5,95.0
南京,2025-06,新房,99.0,99.4,97.7
南京,2025-07,二手房,99.2,93.9,94.8
南京,2025-07,新房,99.5,99.6,98.0
南京,2025-08,二手房,99.3,93.8,94.7
南京,2025-08,新房,99.4,98.7,98.1
南京,2025-09,二手房,99.2,94.1,94.6
南京,2025-09,新房,99.4,98.1,98.1
南京,2025-10,二手房,99.1,93.6,94.5
南京,2025-10,新房,99.3,98.0,98.1
南京,2025-11,二手房,99.0,92.7,94.4
南京,2025-11,新房,100.2,98.1,98.1
南京,2025-12,二手房,98.8,91.6,94.1
南京,2025-12,新房,100.0,97.5,98.0
南充,2025-02,二手房,99.7,93.2,93.2
南充,2025-02,新房,99.8,97.1,97.1
南充,2025-03,二手房,100.0,93.4,93.3
南充,2025-03,新房,99.9,97.0,97.1
南充,2025-04,二手房,99.7,93.5,93.3
南充,2025-04,新房,99.8,96.9,97.0
南充,2025-05,二手房,100.1,94.6,93.6
南充,2025-05,新房,99.7,97.0,97.0
南充,2025-06,二手房,99.3,95.3,93.9
南充,2025-06,新房,99.4,97.3,97.1
南充,2025-07,二手房,99.8,96.2,94.2
南充,2025-07,新房,99.5,97.5,97.1
南充,2025-08,二手房,99.4,96.6,94.5
南充,2025-08,新房,99.7,97.7,97.2
南充,2025-09,二手房,99.6,96.9,94.7
南充,2025-09,新房,99.8,97.8,97.3
南充,2025-10,二手房,99.7,96.9,94.9
南充,2025-10,新房,99.8,97.9,97.3
南充,2025-11,二手房,99.1,96.3,95.1
南充,2025-11,新房,99.6,97.3,97.3
南充,2025-12,二手房,99.2,95.7,95.1
南充,2025-12,新房,99.5,96.4,97.2
南宁,2025-01,二手房,100.1,93.0,
南宁,2025-01,新房,100.1,93.0,
南宁,2025-02,二手房,99.6,91.1,91.0
南宁,2025-02,新房,100.1,93.8,93.4
南宁,2025-03,二手房,99.5,91.1,91.0
南宁,2025-03,新房,100.2,94.7,93.8
南宁,2025-04,二手房,99.6,92.1,91.3
南宁,2025-04,新房,100.1,95.5,94.2
南宁,2025-05,二手房,99.7,92.6,91.5
南宁,2025-05,新房,100.4,97.3,94.8
南宁,2025-06,二手房,99.5,92.7,91.7
南宁,2025-06,新房,100.1,97.9,95.3
南宁,2025-07,二手房,99.4,93.1,91.9
南宁,2025-07,新房,100.0,98.4,95.7
南宁,2025-08,二手房,99.6,93.6,92.1
南宁,2025-08,新房,100.3,99.5,96.2
南宁,2025-09,二手房,99.3,94.1,92.3
南宁,2025-09,新房,99.5,100.2,96.6
南宁,2025-10,二手房,99.5,94.5,92.5
南宁,2025-10,新房,99.4,100.6,97.0
南宁,2025-11,二手房,99.2,94.2,92.7
南宁,2025-11,新房,99.3,99.9,97.3
南宁,2025-12,二手房,99.1,93.8,92.8
南宁,2025-12,新房,99.8,99.3,97.4
南昌,2025-01,二手房,99.7,94.4,
南昌,2025-01,新房,99.7,94.4,
南昌,2025-02,二手房,99.7,89.5,89.4
南昌,2025-02,新房,100.3,95.0,94.7
南昌,2025-03,二手房,100.3,89.8,89.5
南昌,2025-03,新房,100.2,95.6,95.0
南昌,2025-04,二手房,99.5,90.5,89.7
南昌,2025-04,新房,99.6,95.5,95.1
南昌,2025-05,二手房,99.3,91.6,90.1
南昌,2025-05,新房,99.1,95.1,95.1
南昌,2025-06,二手房,99.1,92.3,90.5
南昌,2025-06,新房,99.2,94.9,95.1
南昌,2025-07,二手房,99.6,93.5,90.9
南昌,2025-07,新房,99.4,94.9,95.1
南昌,2025-08,二手房,99.1,93.5,91.2
南昌,2025-08,新房,99.7,95.2,95.1
南昌,2025-09,二手房,99.7,94.7,91.6
南昌,2025-09,新房,99.3,95.8,95.2
南昌,2025-10,二手房,98.9,93.8,91.8
南昌,2025-10,新房,99.6,95.9,95.2
南昌,2025-11,二手房,99.2,93.5,91.9
南昌,2025-11,新房,99.7,95.7,95.3
南昌,2025-12,二手房,99.5,93.4,92.0
南昌,2025-12,新房,99.6,95.5,95.3
厦门,2025-01,二手房,100.1,92.1,
厦门,2025-01,新房,100.1,92.1,
厦门,2025-02,二手房,99.7,90.0,89.6
厦门,2025-02,新房,100.2,92.9,92.5
厦门,2025-03,二手房,99.7,90.3,89.9
厦门,2025-03,新房,100.0,93.5,92.9
厦门,2025-04,二手房,99.4,91.3,90.2
厦门,2025-04,新房,100.1,94.9,93.3
厦门,2025-05,二手房,99.6,92.8,90.7
厦门,2025-05,新房,100.1,96.0,93.9
厦门,2025-06,二手房,99.4,93.2,91.1
厦门,2025-06,新房,99.5,97.5,94.5
厦门,2025-07,二手房,99.3,94.2,91.5
厦门,2025-07,新房,99.4,98.2,95.0
厦门,2025-08,二手房,99.1,95.4,92.0
厦门,2025-08,新房,99.5,98.7,95.4
厦门,2025-09,二手房,98.9,96.0,92.4
厦门,2025-09,新房,99.3,99.1,95.8
厦门,2025-10,二手房,99.0,94.9,92.7
厦门,2025-10,新房,99.6,98.6,96.1
厦门,2025-11,二手房,99.0,93.6,92.7
厦门,2025-11,新房,99.7,97.8,96.2
厦门,2025-12,二手房,99.1,92.4,92.7
厦门,2025-12,新房,99.5,96.9,96.3
合肥,2025-01,二手房,99.9,94.1,
合肥,2025-01,新房,99.9,94.1,
合肥,2025-02,二手房,99.7,91.8,91.7
合肥,2025-02,新房,100.2,94.7,94.4
合肥,2025-03,二手房,99.8,91.8,91.7
合肥,2025-03,新房,100.2,95.1,94.7
合肥,2025-04,二手房,99.7,92.6,91.9
合肥,2025-04,新房,100.3,96.1,95.0
合肥,2025-05,二手房,99.3,92.7,92.1
合肥,2025-05,新房,100.2,96.5,95.3
合肥,2025-06,二手房,99.1,92.4,92.1
合肥,2025-06,新房,100.1,97.4,95.7
合肥,2025-07,二手房,99.4,92.6,92.2
合肥,2025-07,新房,99.9,98.3,96.0
合肥,2025-08,二手房,99.1,92.8,92.3
合肥,2025-08,新房,100.2,99.2,96.4
合肥,2025-09,二手房,99.5,93.5,92.4
合肥,2025-09,新房,100.0,99.9,96.8
合肥,2025-10,二手房,99.3,93.5,92.5
合肥,2025-10,新房,100.1,100.4,97.1
合肥,2025-11,二手房,99.1,93.0,92.6
合肥,2025-11,新房,100.3,101.3,97.5
合肥,2025-12,二手房,99.2,92.7,92.6
合肥,2025-12,新房,100.0,101.5,97.8
吉林,2025-02,二手房,99.8,94.2,94.1
吉林,2025-02,新房,99.6,94.3,94.3
吉林,2025-03,二手房,99.5,94.4,94.2
吉林,2025-03,新房,99.6,93.7,94.1
吉林,2025-04,二手房,99.6,94.8,94.4
吉林,2025-04,新房,99.7,94.6,94.3
吉林,2025-05,二手房,99.7,95.6,94.6
吉林,2025-05,新房,100.0,95.9,94.6
吉林,2025-06,二手房,99.6,95.4,94.7
吉林,2025-06,新房,99.6,95.3,94.7
吉林,2025-07,二手房,99.7,95.6,94.9
吉林,2025-07,新房,99.5,94.8,94.7
吉林,2025-08,二手房,99.6,95.1,94.9
吉林,2025-08,新房,100.2,96.1,94.9
吉林,2025-09,二手房,99.7,95.3,94.9
吉林,2025-09,新房,99.5,96.1,95.0
吉林,2025-10,二手房,99.3,95.3,95.0
吉林,2025-10,新房,99.7,96.3,95.1
吉林,2025-11,二手房,99.5,95.2,95.0
吉林,2025-11,新房,99.6,96.3,95.2
吉林,2025-12,二手房,99.6,95.1,95.0
吉林,2025-12,新房,100.1,96.9,95.4
呼和浩特,2025-01,二手房,99.4,94.2,
呼和浩特,2025-01,新房,99.4,94.2,
呼和浩特,2025-02,二手房,99.6,88.8,88.7
呼和浩特,2025-02,新房,99.4,93.9,94.0
呼和浩特,2025-03,二手房,99.7,89.0,88.8
呼和浩特,2025-03,新房,99.5,93.8,94.0
呼和浩特,2025-04,二手房,99.5,89.5,89.0
呼和浩特,2025-04,新房,99.8,94.0,94.0
呼和浩特,2025-05,二手房,99.4,90.1,89.2
呼和浩特,2025-05,新房,99.7,94.1,94.0
呼和浩特,2025-06,二手房,99.6,90.9,89.5
呼和浩特,2025-06,新房,99.9,94.6,94.1
呼和浩特,2025-07,二手房,99.4,91.3,89.7
呼和浩特,2025-07,新房,99.7,94.4,94.1
呼和浩特,2025-08,二手房,99.7,91.9,90.0
呼和浩特,2025-08,新房,99.8,94.5,94.2
呼和浩特,2025-09,二手房,99.6,92.6,90.3
呼和浩特,2025-09,新房,99.7,94.7,94.2
呼和浩特,2025-10,二手房,99.5,93.2,90.6
呼和浩特,2025-10,新房,99.9,95.4,94.3
呼和浩特,2025-11,二手房,99.4,93.7,90.8
呼和浩特,2025-11,新房,99.8,95.8,94.5
呼和浩特,2025-12,二手房,99.4,94.1,91.1
呼和浩特,2025-12,新房,99.5,96.0,94.6
哈尔滨,2025-01,二手房,99.9,93.7,
哈尔滨,2025-01,新房,99.9,93.7,
哈尔滨,2025-02,二手房,99.6,91.9,91.9
哈尔滨,2025-02,新房,100.3,94.6,94.1
哈尔滨,2025-03,二手房,99.7,92.3,92.0
哈尔滨,2025-03,新房,99.8,94.7,94.3
哈尔滨,2025-04,二手房,99.6,92.3,92.1
哈尔滨,2025-04,新房,99.7,94.8,94.4
哈尔滨,2025-05,二手房,99.4,92.5,92.2
哈尔滨,2025-05,新房,99.9,95.2,94.6
哈尔滨,2025-06,二手房,99.7,93.4,92.4
哈尔滨,2025-06,新房,99.9,96.0,94.8
哈尔滨,2025-07,二手房,99.4,93.7,92.6
哈尔滨,2025-07,新房,99.7,96.4,95.1
哈尔滨,2025-08,二手房,99.6,93.7,92.7
哈尔滨,2025-08,新房,99.6,96.4,95.2
哈尔滨,2025-09,二手房,99.8,94.2,92.9
哈尔滨,2025-09,新房,99.9,97.2,95.4
哈尔滨,2025-10,二手房,99.5,94.4,93.0
哈尔滨,2025-10,新房,99.7,97.6,95.7
哈尔滨,2025-11,二手房,99.4,94.6,93.1
哈尔滨,2025-11,新房,99.6,97.5,95.8
哈尔滨,2025-12,二手房,99.4,94.5,93.2
哈尔滨,2025-12,新房,99.5,97.5,96.0
唐山,2025-02,二手房,99.4,88.6,88.6
唐山,2025-02,新房,99.5,92.3,92.3
唐山,2025-03,二手房,99.4,88.7,88.6
唐山,2025-03,新房,99.7,92.4,92.4
唐山,2025-04,二手房,99.3,88.8,88.7
唐山,2025-04,新房,99.6,92.7,92.5
唐山,2025-05,二手房,99.2,89.5,88.8
唐山,2025-05,新房,99.5,93.0,92.6
唐山,2025-06,二手房,99.1,89.8,89.0
唐山,2025-06,新房,99.3,92.9,92.6
唐山,2025-07,二手房,99.3,90.6,89.2
唐山,2025-07,新房,99.6,93.5,92.7
唐山,2025-08,二手房,99.4,91.0,89.4
唐山,2025-08,新房,99.4,93.8,92.9
唐山,2025-09,二手房,99.2,91.4,89.6
唐山,2025-09,新房,99.5,94.2,93.0
唐山,2025-10,二手房,99.2,91.7,89.8
唐山,2025-10,新房,99.3,94.2,93.1
唐山,2025-11,二手房,99.4,92.0,90.0
唐山,2025-11,新房,99.4,94.3,93.2
唐山,2025-12,二手房,99.2,91.7,90.2
唐山,2025-12,新房,99.3,94.0,93.3
大理,2025-02,二手房,99.7,92.7,92.5
大理,2025-02,二手房,99.7,92.7,92.5
大理,2025-02,新房,99.8,93.7,93.7
大理,2025-02,新房,99.8,93.7,93.7
大理,2025-03,二手房,99.5,92.5,92.5
大理,2025-03,二手房,99.5,92.5,92.5
大理,2025-03,新房,99.7,93.2,93.5
大理,2025-03,新房,99.7,93.2,93.5
大理,2025-04,二手房,99.6,93.1,92.7
大理,2025-04,二手房,99.6,93.1,92.7
大理,2025-04,新房,99.4,93.1,93.4
大理,2025-04,新房,99.4,93.1,93.4
大理,2025-05,二手房,99.7,94.2,93.0
大理,2025-05,二手房,99.7,94.2,93.0
大理,2025-05,新房,99.6,93.6,93.5
大理,2025-05,新房,99.6,93.6,93.5
大理,2025-06,二手房,99.8,94.4,93.2
大理,2025-06,二手房,99.8,94.4,93.2
大理,2025-06,新房,99.7,94.2,93.6
大理,2025-06,新房,99.7,94.2,93.6
大理,2025-07,二手房,99.6,94.8,93.4
大理,2025-07,二手房,99.6,94.8,93.4
大理,2025-07,新房,99.8,94.7,93.7
大理,2025-07,新房,99.8,94.7,93.7
大理,2025-08,二手房,99.3,95.1,93.6
大理,2025-08,二手房,99.3,95.1,93.6
大理,2025-08,新房,99.4,95.8,94.0
大理,2025-08,新房,99.4,95.8,94.0
大理,2025-09,二手房,99.7,95.4,93.8
大理,2025-09,二手房,99.7,95.4,93.8
大理,2025-09,新房,99.5,95.7,94.2
大理,2025-09,新房,99.5,95.7,94.2
大理,2025-10,二手房,99.2,95.2,93.9
大理,2025-10,二手房,99.2,95.2,93.9
大理,2025-10,新房,99.6,95.8,94.3
大理,2025-10,新房,99.6,95.8,94.3
大理,2025-11,二手房,99.4,95.0,94.0
大理,2025-11,二手房,99.4,95.0,94.0
大理,2025-11,新房,99.4,95.6,94.4
大理,2025-11,新房,99.4,95.6,94.4
大理,2025-12,二手房,99.3,94.6,94.1
大理,2025-12,二手房,99.3,94.6,94.1
大理,2025-12,新房,99.8,95.6,94.5
大连,2025-01,二手房,100.2,94.2,
大连,2025-01,新房,100.2,94.2,
大连,2025-02,二手房,99.3,90.7,90.8
大连,2025-02,新房,100.3,95.0,94.6
大连,2025-03,二手房,99.6,91.1,90.9
大连,2025-03,新房,99.5,94.8,94.7
大连,2025-04,二手房,99.7,92.3,91.3
大连,2025-04,新房,100.5,95.9,95.0
大连,2025-05,二手房,99.4,92.7,91.6
大连,2025-05,新房,99.6,96.0,95.2
大连,2025-06,二手房,99.5,93.0,91.8
大连,2025-06,新房,99.8,96.8,95.4
大连,2025-07,二手房,99.6,93.8,92.1
大连,2025-07,新房,100.0,97.3,95.7
大连,2025-08,二手房,99.4,93.9,92.3
大连,2025-08,新房,99.7,97.2,95.9
大连,2025-09,二手房,99.3,94.3,92.5
大连,2025-09,新房,99.6,97.6,96.1
大连,2025-10,二手房,99.5,94.8,92.7
大连,2025-10,新房,99.9,98.1,96.3
大连,2025-11,二手房,99.8,95.0,92.9
大连,2025-11,新房,100.0,98.9,96.5
大连,2025-12,二手房,99.3,94.6,93.1
大连,2025-12,新房,99.8,98.9,96.7
天津,2025-01,二手房,100.3,97.9,
天津,2025-01,新房,100.3,97.9,
天津,2025-02,二手房,99.6,94.5,94.4
天津,2025-02,新房,99.7,97.2,97.6
天津,2025-03,二手房,100.0,95.2,94.7
天津,2025-03,新房,100.3,97.8,97.6
天津,2025-04,二手房,99.8,96.3,95.1
天津,2025-04,新房,100.4,98.1,97.8
天津,2025-05,二手房,99.4,96.7,95.4
天津,2025-05,新房,99.5,98.0,97.8
天津,2025-06,二手房,99.5,96.5,95.6
天津,2025-06,新房,99.8,98.2,97.9
天津,2025-07,二手房,99.4,96.8,95.7
天津,2025-07,新房,99.7,98.1,97.9
天津,2025-08,二手房,99.6,97.0,95.9
天津,2025-08,新房,99.5,98.2,97.9
天津,2025-09,二手房,99.4,96.8,96.0
天津,2025-09,新房,99.4,98.8,98.0
天津,2025-10,二手房,99.5,96.6,96.1
天津,2025-10,新房,99.3,98.5,98.1
天津,2025-11,二手房,99.3,95.7,96.0
天津,2025-11,新房,99.6,97.8,98.1
天津,2025-12,二手房,99.1,94.7,95.9
天津,2025-12,新房,99.4,97.0,98.0
太原,2025-01,二手房,100.3,101.0,
太原,2025-01,新房,100.3,101.0,
太原,2025-02,二手房,99.4,95.6,95.6
太原,2025-02,新房,100.1,101.2,101.1
太原,2025-03,二手房,99.5,95.1,95.5
太原,2025-03,新房,100.2,101.0,101.1
太原,2025-04,二手房,99.4,94.8,95.3
太原,2025-04,新房,100.3,101.1,101.1
太原,2025-05,二手房,99.6,95.0,95.2
太原,2025-05,新房,100.0,100.9,101.0
太原,2025-06,二手房,99.5,95.0,95.2
太原,2025-06,新房,100.1,101.3,101.1
太原,2025-07,二手房,100.2,95.4,95.2
太原,2025-07,新房,99.8,101.0,101.1
太原,2025-08,二手房,99.8,95.7,95.3
太原,2025-08,新房,99.7,101.0,101.1
太原,2025-09,二手房,99.5,95.4,95.3
太原,2025-09,新房,99.9,100.6,101.0
太原,2025-10,二手房,99.7,95.9,95.3
太原,2025-10,新房,99.6,100.0,100.9
太原,2025-11,二手房,99.2,95.4,95.3
太原,2025-11,新房,99.3,99.3,100.8
太原,2025-12,二手房,99.6,95.2,95.3
太原,2025-12,新房,99.8,99.1,100.6
宁波,2025-01,二手房,100.6,92.8,
宁波,2025-01,新房,100.6,92.8,
宁波,2025-02,二手房,99.6,92.0,91.8
宁波,2025-02,新房,100.3,93.4,93.1
宁波,2025-03,二手房,100.1,92.6,92.1
宁波,2025-03,新房,100.4,94.4,93.5
宁波,2025-04,二手房,99.4,93.0,92.3
宁波,2025-04,新房,100.0,96.0,94.1
宁波,2025-05,二手房,99.0,93.6,92.5
宁波,2025-05,新房,99.9,97.2,94.7
宁波,2025-06,二手房,99.5,94.4,92.8
宁波,2025-06,新房,100.3,99.1,95.4
宁波,2025-07,二手房,99.2,94.2,93.0
宁波,2025-07,新房,99.4,99.1,95.9
宁波,2025-08,二手房,99.1,94.9,93.3
宁波,2025-08,新房,99.6,99.3,96.3
宁波,2025-09,二手房,99.0,94.7,93.4
宁波,2025-09,新房,99.3,99.2,96.7
宁波,2025-10,二手房,99.1,94.0,93.5
宁波,2025-10,新房,99.6,99.9,97.0
宁波,2025-11,二手房,99.7,93.7,93.5
宁波,2025-11,新房,99.9,99.5,97.2
宁波,2025-12,二手房,99.4,93.6,93.5
宁波,2025-12,新房,99.9,99.0,97.3
安庆,2025-02,二手房,99.4,91.1,91.1
安庆,2025-02,新房,99.8,94.0,93.9
安庆,2025-03,二手房,99.5,91.2,91.1
安庆,2025-03,新房,99.7,94.3,94.0
安庆,2025-04,二手房,99.3,91.4,91.2
安庆,2025-04,新房,99.6,94.9,94.2
安庆,2025-05,二手房,99.2,91.9,91.3
安庆,2025-05,新房,99.5,94.9,94.4
安庆,2025-06,二手房,99.4,92.3,91.5
安庆,2025-06,新房,99.7,95.0,94.5
安庆,2025-07,二手房,99.5,92.8,91.7
安庆,2025-07,新房,99.8,95.6,94.6
安庆,2025-08,二手房,99.2,93.0,91.8
安庆,2025-08,新房,99.8,96.3,94.8
安庆,2025-09,二手房,99.5,93.3,92.0
安庆,2025-09,新房,99.5,96.4,95.0
安庆,2025-10,二手房,99.6,93.1,92.1
安庆,2025-10,新房,99.7,96.3,95.1
安庆,2025-11,二手房,99.7,93.3,92.2
安庆,2025-11,新房,100.0,96.5,95.2
安庆,2025-12,二手房,99.5,93.4,92.3
安庆,2025-12,新房,99.8,96.8,95.4
宜昌,2025-02,二手房,99.6,92.8,92.8
宜昌,2025-02,新房,100.1,95.5,95.2
宜昌,2025-03,二手房,99.7,93.0,92.8
宜昌,2025-03,新房,100.3,96.3,95.6
宜昌,2025-04,二手房,99.8,93.3,92.9
宜昌,2025-04,新房,100.0,97.1,95.9
宜昌,2025-05,二手房,99.6,94.1,93.2
宜昌,2025-05,新房,99.9,97.6,96.3
宜昌,2025-06,二手房,99.4,94.4,93.4
宜昌,2025-06,新房,100.1,97.8,96.5
宜昌,2025-07,二手房,99.5,94.6,93.5
宜昌,2025-07,新房,100.2,98.4,96.8
宜昌,2025-08,二手房,99.6,94.9,93.7
宜昌,2025-08,新房,100.4,99.7,97.1
宜昌,2025-09,二手房,99.8,95.2,93.9
宜昌,2025-09,新房,99.9,100.2,97.5
宜昌,2025-10,二手房,99.6,96.1,94.1
宜昌,2025-10,新房,99.8,100.5,97.8
宜昌,2025-11,二手房,99.5,95.9,94.2
宜昌,2025-11,新房,99.8,100.0,98.0
宜昌,2025-12,二手房,99.5,95.4,94.3
宜昌,2025-12,新房,100.1,100.4,98.2
岳阳,2025-02,二手房,99.9,94.1,94.0
岳阳,2025-02,新房,99.6,93.6,93.6
岳阳,2025-03,二手房,99.6,93.9,94.0
岳阳,2025-03,新房,99.9,93.8,93.7
岳阳,2025-04,二手房,99.6,94.2,94.0
岳阳,2025-04,新房,99.5,93.8,93.7
岳阳,2025-05,二手房,99.4,94.1,94.0
岳阳,2025-05,新房,99.7,93.9,93.7
岳阳,2025-06,二手房,99.5,94.3,94.1
岳阳,2025-06,新房,99.6,94.2,93.8
岳阳,2025-07,二手房,99.6,94.3,94.1
岳阳,2025-07,新房,99.8,94.8,93.9
岳阳,2025-08,二手房,99.5,94.7,94.2
岳阳,2025-08,新房,99.6,95.4,94.1
岳阳,2025-09,二手房,99.7,94.9,94.3
岳阳,2025-09,新房,99.5,95.7,94.3
岳阳,2025-10,二手房,99.2,95.0,94.3
岳阳,2025-10,新房,99.4,95.6,94.4
岳阳,2025-11,二手房,99.3,94.7,94.4
岳阳,2025-11,新房,99.5,95.3,94.5
岳阳,2025-12,二手房,99.4,94.6,94.4
岳阳,2025-12,新房,99.7,95.6,94.6
常德,2025-02,二手房,99.7,91.1,90.8
常德,2025-02,新房,100.1,92.7,92.4
常德,2025-03,二手房,99.5,91.5,91.1
常德,2025-03,新房,99.6,92.7,92.5
常德,2025-04,二手房,99.4,92.1,91.3
常德,2025-04,新房,99.8,93.3,92.7
常德,2025-05,二手房,99.3,92.5,91.5
常德,2025-05,新房,99.8,94.7,93.1
常德,2025-06,二手房,99.1,92.4,91.7
常德,2025-06,新房,99.6,94.6,93.4
常德,2025-07,二手房,99.3,92.4,91.8
常德,2025-07,新房,100.1,95.9,93.7
常德,2025-08,二手房,99.0,91.8,91.8
常德,2025-08,新房,99.6,96.1,94.0
常德,2025-09,二手房,99.3,92.8,91.9
常德,2025-09,新房,99.4,96.4,94.3
常德,2025-10,二手房,99.1,92.4,91.9
常德,2025-10,新房,99.3,96.6,94.5
常德,2025-11,二手房,99.4,92.2,92.0
常德,2025-11,新房,99.2,96.6,94.7
常德,2025-12,二手房,99.3,92.0,92.0
常德,2025-12,新房,99.4,96.0,94.8
平顶山,2025-02,二手房,99.7,95.0,94.6
平顶山,2025-02,新房,100.0,98.9,98.8
平顶山,2025-03,二手房,99.6,95.2,94.8
平顶山,2025-03,新房,99.9,98.7,98.8
平顶山,2025-04,二手房,99.4,94.9,94.8
平顶山,2025-04,新房,100.1,98.7,98.8
平顶山,2025-05,二手房,99.7,95.2,94.9
平顶山,2025-05,新房,99.8,98.9,98.8
平顶山,2025-06,二手房,99.5,95.3,94.9
平顶山,2025-06,新房,99.7,99.1,98.8
平顶山,2025-07,二手房,99.7,95.4,95.0
平顶山,2025-07,新房,99.9,99.2,98.9
平顶山,2025-08,二手房,99.5,95.7,95.1
平顶山,2025-08,新房,100.0,99.3,98.9
平顶山,2025-09,二手房,99.0,95.3,95.1
平顶山,2025-09,新房,99.8,99.9,99.0
平顶山,2025-10,二手房,99.1,94.7,95.1
平顶山,2025-10,新房,99.9,99.5,99.1
平顶山,2025-11,二手房,99.4,94.4,95.0
平顶山,2025-11,新房,99.9,99.3,99.1
平顶山,2025-12,二手房,99.2,93.8,94.9
平顶山,2025-12,新房,99.5,98.7,99.1
广州,2025-01,二手房,100.0,91.6,
广州,2025-01,新房,100.0,91.6,
广州,2025-02,二手房,99.7,90.6,90.3
广州,2025-02,新房,99.8,92.2,91.9
广州,2025-03,二手房,99.8,91.3,90.6
广州,2025-03,新房,99.9,92.8,92.2
广州,2025-04,二手房,100.0,92.6,91.1
广州,2025-04,新房,99.8,93.7,92.6
广州,2025-05,二手房,99.2,93.4,91.5
广州,2025-05,新房,99.2,94.2,92.9
广州,2025-06,二手房,99.3,94.1,92.0
广州,2025-06,新房,99.5,94.9,93.2
广州,2025-07,二手房,99.0,94.0,92.2
广州,2025-07,新房,99.7,95.4,93.5
广州,2025-08,二手房,99.1,93.8,92.4
广州,2025-08,新房,99.8,95.7,93.8
广州,2025-09,二手房,99.2,94.0,92.6
广州,2025-09,新房,99.4,95.9,94.0
广州,2025-10,二手房,99.1,93.6,92.7
广州,2025-10,新房,99.2,95.8,94.2
广州,2025-11,二手房,98.8,92.8,92.7
广州,2025-11,新房,99.5,95.7,94.3
广州,2025-12,二手房,99.0,92.2,92.7
广州,2025-12,新房,99.4,95.2,94.4
徐州,2025-02,二手房,99.2,92.6,92.7
徐州,2025-02,新房,99.6,93.9,93.9
徐州,2025-03,二手房,99.4,92.8,92.7
徐州,2025-03,新房,99.7,94.4,94.1
徐州,2025-04,二手房,98.9,92.7,92.7
徐州,2025-04,新房,99.6,94.3,94.1
徐州,2025-05,二手房,99.5,93.4,92.8
徐州,2025-05,新房,99.8,94.8,94.2
徐州,2025-06,二手房,98.7,92.8,92.8
徐州,2025-06,新房,99.2,95.1,94.4
徐州,2025-07,二手房,99.0,92.3,92.8
徐州,2025-07,新房,100.0,95.7,94.6
徐州,2025-08,二手房,99.5,92.6,92.7
徐州,2025-08,新房,99.8,95.9,94.7
徐州,2025-09,二手房,99.2,92.8,92.7
徐州,2025-09,新房,99.4,95.2,94.8
徐州,2025-10,二手房,98.8,92.1,92.7
徐州,2025-10,新房,99.1,95.4,94.8
徐州,2025-11,二手房,99.0,91.0,92.5
徐州,2025-11,新房,99.2,95.0,94.9
徐州,2025-12,二手房,98.9,90.0,92.3
徐州,2025-12,新房,99.6,94.8,94.8
惠州,2025-02,二手房,99.5,89.8,89.7
惠州,2025-02,新房,99.8,93.7,93.7
惠州,2025-03,二手房,99.2,89.4,89.6
惠州,2025-03,新房,99.9,94.2,93.9
惠州,2025-04,二手房,99.0,89.6,89.6
惠州,2025-04,新房,100.1,95.1,94.2
惠州,2025-05,二手房,99.5,90.2,89.7
惠州,2025-05,新房,99.7,95.4,94.4
惠州,2025-06,二手房,99.4,90.9,89.9
惠州,2025-06,新房,99.9,96.0,94.7
惠州,2025-07,二手房,99.5,91.5,90.1
惠州,2025-07,新房,99.8,96.3,94.9
惠州,2025-08,二手房,99.2,92.8,90.4
惠州,2025-08,新房,99.1,96.7,95.1
惠州,2025-09,二手房,99.4,93.0,90.7
惠州,2025-09,新房,100.1,97.3,95.4
惠州,2025-10,二手房,99.6,93.2,91.0
惠州,2025-10,新房,99.1,97.2,95.5
惠州,2025-11,二手房,99.7,93.3,91.2
惠州,2025-11,新房,99.2,97.0,95.7
惠州,2025-12,二手房,99.4,93.2,91.3
惠州,2025-12,新房,99.5,96.4,95.7
成都,2025-01,二手房,100.7,96.6,
成都,2025-01,新房,100.7,96.6,
成都,2025-02,二手房,100.2,96.2,95.7
成都,2025-02,新房,100.3,97.0,96.8
成都,2025-03,二手房,100.1,97.0,96.1
成都,2025-03,新房,100.5,97.6,97.1
成都,2025-04,二手房,100.1,97.8,96.5
成都,2025-04,新房,100.3,98.3,97.4
成都,2025-05,二手房,99.8,98.7,97.0
成都,2025-05,新房,100.1,99.0,97.7
成都,2025-06,二手房,99.6,99.5,97.4
成都,2025-06,新房,99.7,99.7,98.0
成都,2025-07,二手房,99.6,99.7,97.7
成都,2025-07,新房,99.8,100.1,98.3
成都,2025-08,二手房,99.3,99.6,97.9
成都,2025-08,新房,99.8,101.0,98.7
成都,2025-09,二手房,99.4,99.7,98.1
成都,2025-09,新房,99.4,101.3,98.9
成都,2025-10,二手房,99.2,98.5,98.1
成都,2025-10,新房,99.0,100.7,99.1
成都,2025-11,二手房,99.1,96.9,98.0
成都,2025-11,新房,99.3,99.5,99.1
成都,2025-12,二手房,98.9,95.5,97.8
成都,2025-12,新房,99.3,98.2,99.1
扬州,2025-02,二手房,99.1,90.9,91.1
扬州,2025-02,新房,99.9,93.6,93.6
扬州,2025-03,二手房,100.3,91.5,91.2
扬州,2025-03,新房,99.6,93.7,93.7
扬州,2025-04,二手房,99.4,91.7,91.3
扬州,2025-04,新房,99.9,94.1,93.8
扬州,2025-05,二手房,99.3,91.3,91.3
扬州,2025-05,新房,99.1,94.4,93.9
扬州,2025-06,二手房,99.5,91.3,91.3
扬州,2025-06,新房,99.7,94.3,94.0
扬州,2025-07,二手房,99.6,91.5,91.4
扬州,2025-07,新房,99.2,94.0,94.0
扬州,2025-08,二手房,99.7,92.8,91.5
扬州,2025-08,新房,99.3,94.1,94.0
扬州,2025-09,二手房,98.8,93.0,91.7
扬州,2025-09,新房,99.3,93.8,94.0
扬州,2025-10,二手房,99.1,92.4,91.8
扬州,2025-10,新房,99.4,94.6,94.0
扬州,2025-11,二手房,98.6,92.0,91.8
扬州,2025-11,新房,100.1,95.1,94.1
扬州,2025-12,二手房,99.1,91.7,91.8
扬州,2025-12,新房,100.0,95.1,94.2
无锡,2025-02,二手房,99.9,92.7,92.8
无锡,2025-02,新房,99.2,95.4,96.0
无锡,2025-03,二手房,99.5,92.9,92.9
无锡,2025-03,新房,99.9,95.6,95.9
无锡,2025-04,二手房,99.6,94.1,93.2
无锡,2025-04,新房,99.7,96.0,95.9
无锡,2025-05,二手房,100.2,94.9,93.5
无锡,2025-05,新房,99.6,96.2,96.0
无锡,2025-06,二手房,99.3,95.1,93.8
无锡,2025-06,新房,99.7,95.9,96.0
无锡,2025-07,二手房,99.3,95.0,94.0
无锡,2025-07,新房,99.8,96.0,96.0
无锡,2025-08,二手房,99.2,95.3,94.1
无锡,2025-08,新房,99.5,96.2,96.0
无锡,2025-09,二手房,99.5,95.9,94.3
无锡,2025-09,新房,99.7,96.4,96.0
无锡,2025-10,二手房,99.0,95.0,94.4
无锡,2025-10,新房,99.4,96.2,96.0
无锡,2025-11,二手房,99.5,94.8,94.4
无锡,2025-11,新房,99.0,96.0,96.0
无锡,2025-12,二手房,99.2,94.5,94.4
无锡,2025-12,新房,99.8,95.6,96.0
昆明,2025-01,二手房,99.7,91.9,
昆明,2025-01,新房,99.7,91.9,
昆明,2025-02,二手房,99.5,92.3,92.7
昆明,2025-02,新房,99.9,91.7,91.8
昆明,2025-03,二手房,99.7,92.5,92.6
昆明,2025-03,新房,99.6,92.1,91.9
昆明,2025-04,二手房,99.2,91.5,92.3
昆明,2025-04,新房,99.6,92.3,92.0
昆明,2025-05,二手房,99.4,92.0,92.3
昆明,2025-05,新房,99.5,93.2,92.2
昆明,2025-06,二手房,99.3,92.2,92.3
昆明,2025-06,新房,99.2,93.0,92.3
昆明,2025-07,二手房,99.6,91.9,92.2
昆明,2025-07,新房,99.8,93.1,92.4
昆明,2025-08,二手房,99.5,92.6,92.3
昆明,2025-08,新房,99.7,94.6,92.7
昆明,2025-09,二手房,99.3,92.8,92.3
昆明,2025-09,新房,99.5,95.1,93.0
昆明,2025-10,二手房,99.4,93.1,92.4
昆明,2025-10,新房,99.1,95.2,93.2
昆明,2025-11,二手房,99.2,92.9,92.4
昆明,2025-11,新房,99.1,94.6,93.3
昆明,2025-12,二手房,99.1,92.6,92.5
昆明,2025-12,新房,99.4,94.2,93.4
杭州,2025-01,二手房,100.3,98.6,
杭州,2025-01,新房,100.3,98.6,
杭州,2025-02,二手房,99.8,95.9,95.7
杭州,2025-02,新房,99.9,98.7,98.6
杭州,2025-03,二手房,101.0,97.3,96.2
杭州,2025-03,新房,100.5,99.2,98.8
杭州,2025-04,二手房,99.7,98.1,96.7
杭州,2025-04,新房,100.4,100.1,99.1
杭州,2025-05,二手房,99.6,98.7,97.1
杭州,2025-05,新房,100.8,101.6,99.6
杭州,2025-06,二手房,99.2,97.6,97.2
杭州,2025-06,新房,100.2,102.1,100.0
杭州,2025-07,二手房,99.3,97.3,97.2
杭州,2025-07,新房,99.7,102.1,100.3
杭州,2025-08,二手房,99.9,97.9,97.3
杭州,2025-08,新房,100.4,102.6,100.6
杭州,2025-09,二手房,99.3,98.7,97.4
杭州,2025-09,新房,100.3,103.6,100.9
杭州,2025-10,二手房,99.7,97.6,97.4
杭州,2025-10,新房,100.1,104.0,101.2
杭州,2025-11,二手房,99.1,95.9,97.3
杭州,2025-11,新房,99.8,103.0,101.4
杭州,2025-12,二手房,99.6,95.7,97.2
杭州,2025-12,新房,99.7,102.2,101.5
桂林,2025-02,二手房,99.5,94.2,94.3
桂林,2025-02,新房,99.7,96.4,96.3
桂林,2025-03,二手房,100.1,94.8,94.4
桂林,2025-03,新房,100.2,96.5,96.4
桂林,2025-04,二手房,99.4,95.7,94.7
桂林,2025-04,新房,99.8,96.8,96.5
桂林,2025-05,二手房,99.2,95.3,94.9
桂林,2025-05,新房,99.6,96.9,96.6
桂林,2025-06,二手房,99.6,95.4,94.9
桂林,2025-06,新房,99.7,97.0,96.6
桂林,2025-07,二手房,99.4,95.1,95.0
桂林,2025-07,新房,99.5,96.7,96.6
桂林,2025-08,二手房,99.5,94.8,94.9
桂林,2025-08,新房,99.8,97.0,96.7
桂林,2025-09,二手房,99.3,94.6,94.9
桂林,2025-09,新房,99.6,97.3,96.8
桂林,2025-10,二手房,99.5,94.4,94.9
桂林,2025-10,新房,99.5,96.6,96.7
桂林,2025-11,二手房,99.3,94.1,94.8
桂林,2025-11,新房,99.2,96.1,96.7
桂林,2025-12,二手房,99.1,93.6,94.7
桂林,2025-12,新房,99.2,95.6,96.6
武汉,2025-01,二手房,100.5,93.1,
武汉,2025-01,新房,100.5,93.1,
武汉,2025-02,二手房,99.4,91.0,90.5
武汉,2025-02,新房,99.7,93.3,93.2
武汉,2025-03,二手房,99.9,91.7,90.9
武汉,2025-03,新房,100.1,94.2,93.6
武汉,2025-04,二手房,99.6,92.7,91.3
武汉,2025-04,新房,99.8,95.0,93.9
武汉,2025-05,二手房,99.0,93.0,91.7
武汉,2025-05,新房,99.3,95.8,94.3
武汉,2025-06,二手房,99.1,93.9,92.0
武汉,2025-06,新房,99.9,96.8,94.7
武汉,2025-07,二手房,98.9,94.4,92.3
武汉,2025-07,新房,99.3,96.4,94.9
武汉,2025-08,二手房,99.1,94.2,92.6
武汉,2025-08,新房,99.5,96.7,95.1
武汉,2025-09,二手房,99.1,93.7,92.7
武汉,2025-09,新房,99.6,97.5,95.4
武汉,2025-10,二手房,99.3,93.1,92.7
武汉,2025-10,新房,99.4,97.9,95.6
武汉,2025-11,二手房,99.0,92.3,92.7
武汉,2025-11,新房,99.5,97.0,95.8
武汉,2025-12,二手房,98.8,91.0,92.6
武汉,2025-12,新房,100.0,96.6,95.8
沈阳,2025-01,二手房,99.8,96.3,
沈阳,2025-01,新房,99.8,96.3,
沈阳,2025-02,二手房,99.7,93.4,93.1
沈阳,2025-02,新房,100.2,97.2,96.7
沈阳,2025-03,二手房,99.8,93.8,93.3
沈阳,2025-03,新房,99.9,97.4,97.0
沈阳,2025-04,二手房,99.5,94.4,93.6
沈阳,2025-04,新房,99.6,97.2,97.0
沈阳,2025-05,二手房,99.8,94.8,93.8
沈阳,2025-05,新房,100.3,98.0,97.2
沈阳,2025-06,二手房,99.6,94.9,94.0
沈阳,2025-06,新房,100.1,99.0,97.5
沈阳,2025-07,二手房,99.7,95.3,94.2
沈阳,2025-07,新房,99.8,98.9,97.7
沈阳,2025-08,二手房,99.6,95.7,94.4
沈阳,2025-08,新房,100.2,99.8,98.0
沈阳,2025-09,二手房,99.4,96.2,94.6
沈阳,2025-09,新房,99.7,100.0,98.2
沈阳,2025-10,二手房,99.8,96.1,94.7
沈阳,2025-10,新房,100.2,100.0,98.4
沈阳,2025-11,二手房,99.9,96.1,94.8
沈阳,2025-11,新房,100.1,100.2,98.5
沈阳,2025-12,二手房,99.8,96.3,95.0
沈阳,2025-12,新房,99.7,99.7,98.6
泉州,2025-02,二手房,99.9,89.1,89.0
泉州,2025-02,新房,100.2,92.1,92.1
泉州,2025-03,二手房,99.4,89.2,89.0
泉州,2025-03,新房,100.2,92.5,92.2
泉州,2025-04,二手房,99.8,89.3,89.1
泉州,2025-04,新房,100.3,93.4,92.5
泉州,2025-05,二手房,99.6,89.8,89.3
泉州,2025-05,新房,99.7,93.8,92.8
泉州,2025-06,二手房,99.4,91.1,89.6
泉州,2025-06,新房,99.5,94.8,93.1
泉州,2025-07,二手房,99.7,92.3,89.9
泉州,2025-07,新房,99.4,95.5,93.4
泉州,2025-08,二手房,99.7,93.4,90.3
泉州,2025-08,新房,99.7,97.1,93.9
泉州,2025-09,二手房,99.6,94.4,90.8
泉州,2025-09,新房,99.8,97.6,94.3
泉州,2025-10,二手房,99.5,95.2,91.2
泉州,2025-10,新房,99.6,97.5,94.6
泉州,2025-11,二手房,99.4,95.5,91.6
泉州,2025-11,新房,99.7,98.5,94.9
泉州,2025-12,二手房,99.4,95.3,91.9
泉州,2025-12,新房,99.6,97.7,95.1
泸州,2025-02,二手房,99.5,91.8,91.9
泸州,2025-02,新房,99.6,92.7,92.5
泸州,2025-03,二手房,100.1,92.3,92.0
泸州,2025-03,新房,99.8,93.1,92.7
泸州,2025-04,二手房,99.9,93.1,92.3
泸州,2025-04,新房,99.6,93.3,92.8
泸州,2025-05,二手房,99.3,93.5,92.5
泸州,2025-05,新房,99.5,93.6,93.0
泸州,2025-06,二手房,99.5,94.1,92.8
泸州,2025-06,新房,99.7,94.0,93.1
泸州,2025-07,二手房,99.4,94.2,93.0
泸州,2025-07,新房,99.6,94.0,93.3
泸州,2025-08,二手房,99.1,93.8,93.1
泸州,2025-08,新房,99.5,94.1,93.4
泸州,2025-09,二手房,99.3,94.2,93.2
泸州,2025-09,新房,99.4,95.0,93.6
泸州,2025-10,二手房,99.0,94.2,93.3
泸州,2025-10,新房,99.4,95.2,93.7
泸州,2025-11,二手房,99.2,93.9,93.3
泸州,2025-11,新房,99.3,94.8,93.8
泸州,2025-12,二手房,99.0,93.3,93.3
泸州,2025-12,新房,99.1,94.1,93.8
洛阳,2025-02,二手房,99.7,93.2,92.9
洛阳,2025-02,新房,99.9,94.2,94.0
洛阳,2025-03,二手房,99.8,93.4,93.1
洛阳,2025-03,新房,99.8,94.3,94.1
洛阳,2025-04,二手房,99.8,93.7,93.2
洛阳,2025-04,新房,99.9,94.4,94.2
洛阳,2025-05,二手房,100.1,94.7,93.5
洛阳,2025-05,新房,99.6,94.3,94.2
洛阳,2025-06,二手房,99.7,95.0,93.8
洛阳,2025-06,新房,99.9,95.1,94.4
洛阳,2025-07,二手房,99.6,95.3,94.0
洛阳,2025-07,新房,99.7,95.7,94.5
洛阳,2025-08,二手房,99.4,95.2,94.1
洛阳,2025-08,新房,99.6,96.0,94.7
洛阳,2025-09,二手房,99.7,96.0,94.3
洛阳,2025-09,新房,99.7,97.1,95.0
洛阳,2025-10,二手房,99.1,95.7,94.5
洛阳,2025-10,新房,99.6,97.1,95.2
洛阳,2025-11,二手房,99.5,95.8,94.6
洛阳,2025-11,新房,99.4,96.7,95.3
洛阳,2025-12,二手房,99.5,95.6,94.7
洛阳,2025-12,新房,99.3,96.2,95.4
济南,2025-01,二手房,99.8,93.7,
济南,2025-01,新房,99.8,93.7,
济南,2025-02,二手房,99.8,90.6,90.4
济南,2025-02,新房,100.3,94.3,94.0
济南,2025-03,二手房,100.0,91.4,90.7
济南,2025-03,新房,100.3,94.9,94.3
济南,2025-04,二手房,99.9,91.7,91.0
济南,2025-04,新房,100.0,95.0,94.5
济南,2025-05,二手房,99.6,92.9,91.3
济南,2025-05,新房,99.7,95.3,94.6
济南,2025-06,二手房,99.5,93.5,91.7
济南,2025-06,新房,99.9,95.8,94.8
济南,2025-07,二手房,99.6,94.1,92.0
济南,2025-07,新房,99.7,96.0,95.0
济南,2025-08,二手房,99.4,95.3,92.4
济南,2025-08,新房,99.4,96.3,95.1
济南,2025-09,二手房,99.3,95.2,92.7
济南,2025-09,新房,99.6,97.6,95.4
济南,2025-10,二手房,99.4,95.4,93.0
济南,2025-10,新房,99.3,97.6,95.6
济南,2025-11,二手房,99.5,95.6,93.2
济南,2025-11,新房,99.6,97.4,95.8
济南,2025-12,二手房,99.1,94.9,93.3
济南,2025-12,新房,99.8,97.4,95.9
济宁,2025-02,二手房,99.8,94.4,94.3
济宁,2025-02,新房,99.7,95.0,94.9
济宁,2025-03,二手房,99.9,94.5,94.4
济宁,2025-03,新房,99.8,95.2,95.0
济宁,2025-04,二手房,99.3,95.0,94.5
济宁,2025-04,新房,99.7,95.2,95.0
济宁,2025-05,二手房,99.4,95.5,94.7
济宁,2025-05,新房,99.6,95.7,95.2
济宁,2025-06,二手房,99.0,95.1,94.8
济宁,2025-06,新房,99.8,96.0,95.3
济宁,2025-07,二手房,99.3,94.8,94.8
济宁,2025-07,新房,99.8,96.3,95.4
济宁,2025-08,二手房,99.1,94.6,94.8
济宁,2025-08,新房,99.5,96.4,95.6
济宁,2025-09,二手房,99.5,94.4,94.7
济宁,2025-09,新房,99.7,96.5,95.7
济宁,2025-10,二手房,99.7,94.1,94.7
济宁,2025-10,新房,99.7,96.7,95.8
济宁,2025-11,二手房,99.2,93.5,94.6
济宁,2025-11,新房,99.3,96.1,95.8
济宁,2025-12,二手房,99.3,93.0,94.4
济宁,2025-12,新房,99.4,95.8,95.8
海口,2025-01,二手房,100.4,95.8,
海口,2025-01,新房,100.4,95.8,
海口,2025-02,二手房,100.2,93.6,93.2
海口,2025-02,新房,100.0,96.3,96.1
海口,2025-03,二手房,99.8,94.1,93.5
海口,2025-03,新房,99.8,96.2,96.1
海口,2025-04,二手房,99.7,94.5,93.8
海口,2025-04,新房,99.8,96.3,96.1
海口,2025-05,二手房,99.9,95.2,94.0
海口,2025-05,新房,99.3,95.7,96.1
海口,2025-06,二手房,99.6,95.6,94.3
海口,2025-06,新房,99.1,95.3,95.9
海口,2025-07,二手房,99.4,95.9,94.5
海口,2025-07,新房,99.2,94.9,95.8
海口,2025-08,二手房,99.3,96.8,94.8
海口,2025-08,新房,100.0,95.5,95.7
海口,2025-09,二手房,99.2,96.6,95.0
海口,2025-09,新房,99.0,95.1,95.7
海口,2025-10,二手房,99.4,96.5,95.1
海口,2025-10,新房,99.7,95.6,95.7
海口,2025-11,二手房,99.0,95.5,95.2
海口,2025-11,新房,99.3,95.2,95.6
海口,2025-12,二手房,98.9,94.2,95.1
海口,2025-12,新房,99.4,95.1,95.6
深圳,2025-01,二手房,100.2,94.8,
深圳,2025-01,新房,100.2,94.8,
深圳,2025-02,二手房,100.3,94.7,94.3
深圳,2025-02,新房,100.4,95.6,95.2
深圳,2025-03,二手房,100.3,95.9,94.8
深圳,2025-03,新房,100.1,96.1,95.5
深圳,2025-04,二手房,99.7,96.3,95.2
深圳,2025-04,新房,99.9,97.0,95.9
深圳,2025-05,二手房,99.5,96.8,95.5
深圳,2025-05,新房,99.6,97.4,96.2
深圳,2025-06,二手房,99.5,97.2,95.8
深圳,2025-06,新房,99.4,97.5,96.4
深圳,2025-07,二手房,99.1,97.5,96.0
深圳,2025-07,新房,99.4,97.8,96.6
深圳,2025-08,二手房,99.2,98.1,96.3
深圳,2025-08,新房,99.6,98.3,96.8
深圳,2025-09,二手房,99.0,98.3,96.5
深圳,2025-09,新房,99.0,98.2,97.0
深圳,2025-10,二手房,99.1,96.7,96.5
深圳,2025-10,新房,99.3,97.4,97.0
深圳,2025-11,二手房,99.0,95.2,96.4
深圳,2025-11,新房,99.1,96.3,96.9
深圳,2025-12,二手房,99.4,94.6,96.2
深圳,2025-12,新房,99.5,95.6,96.8
温州,2025-02,二手房,99.8,89.6,89.2
温州,2025-02,新房,100.0,90.6,90.3
温州,2025-03,二手房,99.9,90.0,89.5
温州,2025-03,新房,99.7,91.1,90.6
温州,2025-04,二手房,99.6,91.1,89.9
温州,2025-04,新房,99.8,91.6,90.8
温州,2025-05,二手房,99.2,91.2,90.2
温州,2025-05,新房,99.8,91.9,91.0
温州,2025-06,二手房,99.3,91.4,90.3
温州,2025-06,新房,99.4,92.7,91.3
温州,2025-07,二手房,99.6,91.8,90.5
温州,2025-07,新房,99.9,94.3,91.7
温州,2025-08,二手房,99.5,93.0,90.8
温州,2025-08,新房,99.6,95.6,92.2
温州,2025-09,二手房,99.3,93.7,91.1
温州,2025-09,新房,99.2,96.3,92.6
温州,2025-10,二手房,99.1,93.4,91.4
温州,2025-10,新房,99.3,96.2,92.9
温州,2025-11,二手房,99.2,93.9,91.6
温州,2025-11,新房,99.5,95.8,93.2
温州,2025-12,二手房,99.3,93.8,91.7
温州,2025-12,新房,99.7,95.9,93.4
湛江,2025-02,二手房,99.6,92.5,92.3
湛江,2025-02,新房,99.5,93.9,93.6
湛江,2025-03,二手房,99.9,92.7,92.5
湛江,2025-03,新房,100.2,94.7,94.0
湛江,2025-04,二手房,99.7,93.5,92.7
湛江,2025-04,新房,99.8,95.5,94.3
湛江,2025-05,二手房,99.5,93.7,92.9
湛江,2025-05,新房,99.9,95.9,94.7
湛江,2025-06,二手房,99.7,93.9,93.1
湛江,2025-06,新房,100.3,96.9,95.0
湛江,2025-07,二手房,99.3,94.4,93.3
湛江,2025-07,新房,99.8,97.9,95.4
湛江,2025-08,二手房,99.5,94.7,93.4
湛江,2025-08,新房,99.4,97.7,95.7
湛江,2025-09,二手房,99.2,94.7,93.6
湛江,2025-09,新房,99.8,98.3,96.0
湛江,2025-10,二手房,99.2,94.4,93.7
湛江,2025-10,新房,99.0,98.1,96.2
湛江,2025-11,二手房,99.4,94.1,93.7
湛江,2025-11,新房,99.6,96.8,96.2
湛江,2025-12,二手房,99.3,94.1,93.7
湛江,2025-12,新房,99.2,96.5,96.3
烟台,2025-02,二手房,99.2,90.5,90.7
烟台,2025-02,新房,99.4,93.9,94.0
烟台,2025-03,二手房,99.7,90.6,90.7
烟台,2025-03,新房,99.6,93.8,93.9
烟台,2025-04,二手房,99.5,91.8,91.0
烟台,2025-04,新房,100.1,95.0,94.2
烟台,2025-05,二手房,99.3,92.0,91.2
烟台,2025-05,新房,99.9,95.6,94.5
烟台,2025-06,二手房,99.4,93.1,91.5
烟台,2025-06,新房,99.2,95.4,94.6
烟台,2025-07,二手房,99.2,93.3,91.7
烟台,2025-07,新房,99.7,95.6,94.8
烟台,2025-08,二手房,99.2,93.3,91.9
烟台,2025-08,新房,99.6,95.7,94.9
烟台,2025-09,二手房,99.5,93.5,92.1
烟台,2025-09,新房,99.8,96.1,95.0
烟台,2025-10,二手房,99.1,93.0,92.2
烟台,2025-10,新房,99.6,96.0,95.1
烟台,2025-11,二手房,99.1,92.5,92.2
烟台,2025-11,新房,99.4,95.8,95.2
烟台,2025-12,二手房,99.3,92.4,92.2
烟台,2025-12,新房,99.7,95.9,95.2
牡丹江,2025-02,二手房,99.6,92.1,92.0
牡丹江,2025-02,新房,99.8,92.8,92.8
牡丹江,2025-03,二手房,99.6,92.3,92.1
牡丹江,2025-03,新房,99.7,92.9,92.8
牡丹江,2025-04,二手房,99.3,92.0,92.1
牡丹江,2025-04,新房,99.8,93.3,93.0
牡丹江,2025-05,二手房,99.9,92.8,92.2
牡丹江,2025-05,新房,100.1,94.4,93.3
牡丹江,2025-06,二手房,99.9,93.3,92.4
牡丹江,2025-06,新房,99.8,94.8,93.5
牡丹江,2025-07,二手房,99.8,94.1,92.6
牡丹江,2025-07,新房,99.9,96.0,93.9
牡丹江,2025-08,二手房,99.9,94.8,92.9
牡丹江,2025-08,新房,99.8,96.4,94.2
牡丹江,2025-09,二手房,99.9,95.8,93.2
牡丹江,2025-09,新房,99.7,96.8,94.5
牡丹江,2025-10,二手房,99.6,95.8,93.5
牡丹江,2025-10,新房,99.7,97.4,94.7
牡丹江,2025-11,二手房,99.9,96.4,93.7
牡丹江,2025-11,新房,99.8,97.7,95.0
牡丹江,2025-12,二手房,99.8,96.6,94.0
牡丹江,2025-12,新房,100.0,97.9,95.2
石家庄,2025-01,二手房,99.9,96.5,
石家庄,2025-01,新房,99.9,96.5,
石家庄,2025-02,二手房,99.8,93.0,92.8
石家庄,2025-02,新房,99.7,96.0,96.2
石家庄,2025-03,二手房,99.9,93.1,92.9
石家庄,2025-03,新房,99.9,96.0,96.2
石家庄,2025-04,二手房,99.7,93.4,93.0
石家庄,2025-04,新房,99.8,96.3,96.2
石家庄,2025-05,二手房,99.6,94.0,93.2
石家庄,2025-05,新房,99.7,96.7,96.3
石家庄,2025-06,二手房,99.4,94.5,93.4
石家庄,2025-06,新房,99.8,96.9,96.4
石家庄,2025-07,二手房,99.3,94.2,93.5
石家庄,2025-07,新房,99.6,96.9,96.5
石家庄,2025-08,二手房,99.4,94.9,93.7
石家庄,2025-08,新房,99.5,96.7,96.5
石家庄,2025-09,二手房,99.3,95.0,93.8
石家庄,2025-09,新房,99.4,96.4,96.5
石家庄,2025-10,二手房,99.5,95.1,94.0
石家庄,2025-10,新房,99.5,96.3,96.5
石家庄,2025-11,二手房,99.4,94.8,94.0
石家庄,2025-11,新房,99.5,95.9,96.4
石家庄,2025-12,二手房,99.3,94.6,94.1
石家庄,2025-12,新房,99.8,96.1,96.4
福州,2025-01,二手房,100.2,92.3,
福州,2025-01,新房,100.2,92.3,
福州,2025-02,二手房,99.4,90.9,90.7
福州,2025-02,新房,99.9,92.9,92.6
福州,2025-03,二手房,99.8,90.6,90.7
福州,2025-03,新房,100.1,93.1,92.7
福州,2025-04,二手房,99.6,91.2,90.8
福州,2025-04,新房,100.2,93.8,93.0
福州,2025-05,二手房,99.4,92.0,91.0
福州,2025-05,新房,99.8,94.4,93.3
福州,2025-06,二手房,99.5,92.6,91.3
福州,2025-06,新房,99.6,94.7,93.5
福州,2025-07,二手房,99.4,92.9,91.5
福州,2025-07,新房,99.5,95.2,93.8
福州,2025-08,二手房,99.5,94.3,91.8
福州,2025-08,新房,100.0,97.0,94.2
福州,2025-09,二手房,99.3,94.7,92.2
福州,2025-09,新房,99.6,98.0,94.6
福州,2025-10,二手房,99.5,94.3,92.4
福州,2025-10,新房,99.4,98.1,94.9
福州,2025-11,二手房,99.3,94.0,92.5
福州,2025-11,新房,99.4,97.8,95.1
福州,2025-12,二手房,99.4,93.8,92.6
福州,2025-12,新房,99.2,96.9,95.3
秦皇岛,2025-02,二手房,99.6,89.6,89.3
秦皇岛,2025-02,新房,99.8,92.9,92.8
秦皇岛,2025-03,二手房,99.2,89.4,89.3
秦皇岛,2025-03,新房,99.5,92.9,92.8
秦皇岛,2025-04,二手房,99.2,89.6,89.4
秦皇岛,2025-04,新房,99.7,93.3,92.9
秦皇岛,2025-05,二手房,99.1,89.6,89.4
秦皇岛,2025-05,新房,99.5,93.7,93.1
秦皇岛,2025-06,二手房,99.3,90.5,89.6
秦皇岛,2025-06,新房,99.4,94.2,93.3
秦皇岛,2025-07,二手房,99.2,90.6,89.7
秦皇岛,2025-07,新房,99.5,94.4,93.4
秦皇岛,2025-08,二手房,99.5,91.3,89.9
秦皇岛,2025-08,新房,99.6,94.7,93.6
秦皇岛,2025-09,二手房,99.4,91.6,90.1
秦皇岛,2025-09,新房,99.7,95.1,93.8
秦皇岛,2025-10,二手房,99.6,92.3,90.3
秦皇岛,2025-10,新房,99.8,95.3,93.9
秦皇岛,2025-11,二手房,99.4,92.6,90.5
秦皇岛,2025-11,新房,99.6,95.5,94.0
秦皇岛,2025-12,二手房,99.1,92.3,90.6
秦皇岛,2025-12,新房,99.4,95.3,94.1
蚌埠,2025-02,二手房,99.8,93.4,93.1
蚌埠,2025-02,新房,99.7,93.9,93.7
蚌埠,2025-03,二手房,99.8,93.8,93.3
蚌埠,2025-03,新房,99.6,93.9,93.7
蚌埠,2025-04,二手房,99.6,94.4,93.6
蚌埠,2025-04,新房,99.5,94.2,93.9
蚌埠,2025-05,二手房,99.5,94.7,93.8
蚌埠,2025-05,新房,99.6,94.3,93.9
蚌埠,2025-06,二手房,99.5,95.1,94.0
蚌埠,2025-06,新房,99.8,94.7,94.1
蚌埠,2025-07,二手房,99.6,95.2,94.2
蚌埠,2025-07,新房,99.7,95.0,94.2
蚌埠,2025-08,二手房,99.3,95.4,94.3
蚌埠,2025-08,新房,99.7,95.5,94.4
蚌埠,2025-09,二手房,99.6,95.5,94.4
蚌埠,2025-09,新房,99.9,96.2,94.6
蚌埠,2025-10,二手房,99.5,95.2,94.5
蚌埠,2025-10,新房,99.6,96.3,94.7
蚌埠,2025-11,二手房,99.8,95.4,94.6
蚌埠,2025-11,新房,99.9,96.6,94.9
蚌埠,2025-12,二手房,99.5,95.3,94.7
蚌埠,2025-12,新房,99.7,96.6,95.0
襄阳,2025-02,二手房,99.4,89.9,89.9
襄阳,2025-02,新房,99.9,94.0,93.7
襄阳,2025-03,二手房,99.6,90.3,90.0
襄阳,2025-03,新房,100.0,94.7,94.0
襄阳,2025-04,二手房,99.6,91.0,90.3
襄阳,2025-04,新房,99.9,95.1,94.3
襄阳,2025-05,二手房,99.5,91.7,90.5
襄阳,2025-05,新房,99.6,95.4,94.5
襄阳,2025-06,二手房,99.2,91.6,90.7
襄阳,2025-06,新房,99.5,95.3,94.6
襄阳,2025-07,二手房,99.2,91.6,90.8
襄阳,2025-07,新房,99.3,95.3,94.7
襄阳,2025-08,二手房,99.6,92.4,91.0
襄阳,2025-08,新房,100.0,95.9,94.9
襄阳,2025-09,二手房,99.7,93.0,91.2
襄阳,2025-09,新房,99.3,95.7,95.0
襄阳,2025-10,二手房,99.1,93.1,91.4
襄阳,2025-10,新房,99.2,95.9,95.1
襄阳,2025-11,二手房,99.5,93.3,91.6
襄阳,2025-11,新房,100.3,96.6,95.2
襄阳,2025-12,二手房,99.4,93.1,91.7
襄阳,2025-12,新房,99.6,96.5,95.3
西宁,2025-01,二手房,99.7,94.5,
西宁,2025-01,新房,99.7,94.5,
西宁,2025-02,二手房,99.5,92.6,92.6
西宁,2025-02,新房,99.9,94.6,94.6
西宁,2025-03,二手房,100.0,92.8,92.6
西宁,2025-03,新房,99.5,94.4,94.5
西宁,2025-04,二手房,100.1,93.4,92.8
西宁,2025-04,新房,99.7,94.6,94.5
西宁,2025-05,二手房,99.9,94.0,93.0
西宁,2025-05,新房,100.0,94.9,94.6
西宁,2025-06,二手房,100.1,94.6,93.3
西宁,2025-06,新房,99.8,95.5,94.8
西宁,2025-07,二手房,100.0,96.0,93.7
西宁,2025-07,新房,99.7,95.6,94.9
西宁,2025-08,二手房,99.8,96.3,94.0
西宁,2025-08,新房,100.1,96.2,95.0
西宁,2025-09,二手房,99.9,96.7,94.3
西宁,2025-09,新房,99.7,96.3,95.2
西宁,2025-10,二手房,99.9,97.0,94.6
西宁,2025-10,新房,99.4,96.4,95.3
西宁,2025-11,二手房,99.7,97.5,94.8
西宁,2025-11,新房,99.5,96.5,95.4
西宁,2025-12,二手房,99.8,98.2,95.1
西宁,2025-12,新房,99.7,96.9,95.5
西安,2025-01,二手房,99.6,99.0,
西安,2025-01,新房,99.6,99.0,
西安,2025-02,二手房,99.6,93.0,93.0
西安,2025-02,新房,99.5,98.3,98.6
西安,2025-03,二手房,99.7,93.1,93.0
西安,2025-03,新房,99.8,97.7,98.3
西安,2025-04,二手房,99.6,93.2,93.1
西安,2025-04,新房,99.7,97.3,98.1
西安,2025-05,二手房,99.3,93.5,93.1
西安,2025-05,新房,99.6,97.0,97.9
西安,2025-06,二手房,99.2,93.4,93.2
西安,2025-06,新房,99.5,96.3,97.6
西安,2025-07,二手房,99.1,93.1,93.2
西安,2025-07,新房,99.7,95.8,97.3
西安,2025-08,二手房,98.9,93.0,93.2
西安,2025-08,新房,99.4,95.3,97.1
西安,2025-09,二手房,98.8,92.6,93.1
西安,2025-09,新房,99.1,95.0,96.8
西安,2025-10,二手房,99.0,92.6,93.1
西安,2025-10,新房,99.2,94.8,96.6
西安,2025-11,二手房,98.9,91.8,93.0
西安,2025-11,新房,99.6,94.6,96.5
西安,2025-12,二手房,98.9,91.0,92.8
西安,2025-12,新房,99.5,94.4,96.3
贵阳,2025-01,二手房,99.8,95.1,
贵阳,2025-01,新房,99.8,95.1,
贵阳,2025-02,二手房,99.8,94.9,94.7
贵阳,2025-02,新房,100.0,95.4,95.3
贵阳,2025-03,二手房,99.8,95.1,94.8
贵阳,2025-03,新房,99.8,95.5,95.4
贵阳,2025-04,二手房,99.6,95.3,94.9
贵阳,2025-04,新房,99.7,95.4,95.4
贵阳,2025-05,二手房,99.5,95.3,95.0
贵阳,2025-05,新房,99.6,95.6,95.4
贵阳,2025-06,二手房,99.4,95.2,95.0
贵阳,2025-06,新房,99.7,95.7,95.4
贵阳,2025-07,二手房,99.4,95.3,95.1
贵阳,2025-07,新房,99.5,96.2,95.5
贵阳,2025-08,二手房,99.6,95.3,95.1
贵阳,2025-08,新房,99.4,96.3,95.6
贵阳,2025-09,二手房,99.4,95.1,95.1
贵阳,2025-09,新房,99.6,96.7,95.8
贵阳,2025-10,二手房,99.5,95.1,95.1
贵阳,2025-10,新房,99.4,96.7,95.8
贵阳,2025-11,二手房,99.7,95.2,95.1
贵阳,2025-11,新房,100.2,96.9,95.9
贵阳,2025-12,二手房,99.5,95.0,95.1
贵阳,2025-12,新房,99.7,96.7,96.0
赣州,2025-02,二手房,99.9,95.1,94.9
赣州,2025-02,新房,100.0,94.9,94.8
赣州,2025-03,二手房,99.7,95.3,95.0
赣州,2025-03,新房,99.9,95.0,94.9
赣州,2025-04,二手房,100.2,96.6,95.4
赣州,2025-04,新房,99.8,95.3,95.0
赣州,2025-05,二手房,99.6,97.4,95.8
赣州,2025-05,新房,100.1,96.2,95.2
赣州,2025-06,二手房,99.3,97.7,96.1
赣州,2025-06,新房,99.7,96.8,95.5
赣州,2025-07,二手房,99.4,97.7,96.3
赣州,2025-07,新房,99.6,97.7,95.8
赣州,2025-08,二手房,99.1,97.0,96.4
赣州,2025-08,新房,99.5,98.5,96.1
赣州,2025-09,二手房,98.8,96.1,96.4
赣州,2025-09,新房,99.0,98.2,96.3
赣州,2025-10,二手房,99.6,95.9,96.3
赣州,2025-10,新房,99.8,98.0,96.5
赣州,2025-11,二手房,99.5,95.5,96.2
赣州,2025-11,新房,99.7,97.8,96.6
赣州,2025-12,二手房,99.4,94.5,96.1
赣州,2025-12,新房,99.3,96.8,96.6
遵义,2025-02,二手房,99.5,94.3,94.3
遵义,2025-02,新房,99.6,96.6,96.6
遵义,2025-03,二手房,99.8,94.3,94.3
遵义,2025-03,新房,100.1,96.5,96.5
遵义,2025-04,二手房,99.4,94.2,94.3
遵义,2025-04,新房,100.2,96.4,96.5
遵义,2025-05,二手房,99.7,94.0,94.2
遵义,2025-05,新房,99.8,96.5,96.5
遵义,2025-06,二手房,99.3,94.0,94.2
遵义,2025-06,新房,99.6,96.9,96.6
遵义,2025-07,二手房,99.7,94.3,94.2
遵义,2025-07,新房,99.9,97.1,96.6
遵义,2025-08,二手房,99.8,94.7,94.3
遵义,2025-08,新房,99.5,97.0,96.7
遵义,2025-09,二手房,99.4,95.1,94.4
遵义,2025-09,新房,99.6,97.2,96.7
遵义,2025-10,二手房,99.5,95.0,94.4
遵义,2025-10,新房,99.4,97.2,96.8
遵义,2025-11,二手房,99.6,95.1,94.5
遵义,2025-11,新房,99.7,97.5,96.8
遵义,2025-12,二手房,99.4,95.0,94.5
遵义,2025-12,新房,99.8,97.4,96.9
郑州,2025-01,二手房,100.3,94.6,
郑州,2025-01,新房,100.3,94.6,
郑州,2025-02,二手房,99.4,92.4,92.3
郑州,2025-02,新房,99.6,94.6,94.6
郑州,2025-03,二手房,99.3,92.1,92.2
郑州,2025-03,新房,100.0,95.4,94.9
郑州,2025-04,二手房,99.2,92.0,92.2
郑州,2025-04,新房,100.1,96.2,95.2
郑州,2025-05,二手房,99.3,92.1,92.2
郑州,2025-05,新房,99.5,96.2,95.4
郑州,2025-06,二手房,99.1,91.8,92.1
郑州,2025-06,新房,99.4,96.3,95.5
郑州,2025-07,二手房,99.3,91.9,92.1
郑州,2025-07,新房,99.4,96.4,95.7
郑州,2025-08,二手房,99.1,91.7,92.0
郑州,2025-08,新房,99.6,96.5,95.8
郑州,2025-09,二手房,99.0,91.8,92.0
郑州,2025-09,新房,99.4,96.7,95.9
郑州,2025-10,二手房,99.2,91.8,92.0
郑州,2025-10,新房,99.2,96.8,96.0
郑州,2025-11,二手房,99.3,91.6,92.0
郑州,2025-11,新房,99.4,96.5,96.0
郑州,2025-12,二手房,99.2,91.2,91.9
郑州,2025-12,新房,99.1,95.2,95.9
重庆,2025-01,二手房,100.4,94.8,
重庆,2025-01,新房,100.4,94.8,
重庆,2025-02,二手房,99.9,94.5,94.5
重庆,2025-02,新房,99.8,94.6,94.7
重庆,2025-03,二手房,99.8,94.7,94.5
重庆,2025-03,新房,100.2,94.5,94.6
重庆,2025-04,二手房,99.8,95.4,94.7
重庆,2025-04,新房,100.3,96.0,95.0
重庆,2025-05,二手房,99.9,95.9,95.0
重庆,2025-05,新房,99.5,96.8,95.3
重庆,2025-06,二手房,99.3,96.0,95.1
重庆,2025-06,新房,99.4,97.1,95.6
重庆,2025-07,二手房,99.5,96.0,95.3
重庆,2025-07,新房,99.5,97.9,95.9
重庆,2025-08,二手房,99.2,96.4,95.4
重庆,2025-08,新房,99.3,97.6,96.1
重庆,2025-09,二手房,99.1,96.6,95.5
重庆,2025-09,新房,99.6,97.8,96.3
重庆,2025-10,二手房,99.2,95.4,95.5
重庆,2025-10,新房,99.4,97.4,96.4
重庆,2025-11,二手房,99.6,94.7,95.4
重庆,2025-11,新房,100.1,97.1,96.5
重庆,2025-12,二手房,99.0,94.0,95.3
重庆,2025-12,新房,99.7,97.1,96.5
金华,2025-02,二手房,99.7,88.8,88.5
金华,2025-02,新房,99.9,90.4,90.0
金华,2025-03,二手房,99.9,89.6,88.8
金华,2025-03,新房,100.0,91.7,90.6
金华,2025-04,二手房,99.7,90.1,89.1
金华,2025-04,新房,99.9,92.2,91.0
金华,2025-05,二手房,99.3,90.8,89.5
金华,2025-05,新房,99.8,93.0,91.3
金华,2025-06,二手房,99.4,91.6,89.8
金华,2025-06,新房,99.8,93.6,91.7
金华,2025-07,二手房,99.5,92.5,90.2
金华,2025-07,新房,99.7,94.6,92.1
金华,2025-08,二手房,99.6,93.9,90.6
金华,2025-08,新房,99.9,96.2,92.6
金华,2025-09,二手房,99.5,95.0,91.1
金华,2025-09,新房,99.7,97.4,93.1
金华,2025-10,二手房,99.3,94.9,91.4
金华,2025-10,新房,99.2,97.1,93.5
金华,2025-11,二手房,99.1,94.6,91.7
金华,2025-11,新房,99.6,97.3,93.8
金华,2025-12,二手房,99.3,94.4,91.9
金华,2025-12,新房,99.3,96.8,94.1
银川,2025-01,二手房,99.8,95.6,
银川,2025-01,新房,99.8,95.6,
银川,2025-02,二手房,99.3,94.4,94.3
银川,2025-02,新房,99.4,95.6,95.6
银川,2025-03,二手房,99.6,94.5,94.4
银川,2025-03,新房,100.1,96.0,95.7
银川,2025-04,二手房,99.8,95.1,94.6
银川,2025-04,新房,99.4,95.9,95.8
银川,2025-05,二手房,99.5,95.4,94.7
银川,2025-05,新房,99.7,96.4,95.9
银川,2025-06,二手房,99.2,95.5,94.9
银川,2025-06,新房,99.9,96.9,96.1
银川,2025-07,二手房,99.7,95.6,95.0
银川,2025-07,新房,99.5,96.8,96.2
银川,2025-08,二手房,99.5,95.4,95.0
银川,2025-08,新房,99.8,97.2,96.3
银川,2025-09,二手房,99.5,95.2,95.0
银川,2025-09,新房,99.4,96.8,96.3
银川,2025-10,二手房,99.3,94.7,95.0
银川,2025-10,新房,99.6,96.5,96.4
银川,2025-11,二手房,99.0,94.1,94.9
银川,2025-11,新房,100.0,96.7,96.4
银川,2025-12,二手房,99.2,93.5,94.8
银川,2025-12,新房,99.8,96.5,96.4
锦州,2025-02,二手房,99.5,91.5,91.4
锦州,2025-02,新房,99.7,95.2,95.3
锦州,2025-03,二手房,99.7,91.6,91.5
锦州,2025-03,新房,99.9,95.2,95.2
锦州,2025-04,二手房,99.4,92.1,91.6
锦州,2025-04,新房,99.5,95.4,95.3
锦州,2025-05,二手房,99.6,92.2,91.8
锦州,2025-05,新房,99.9,95.6,95.3
锦州,2025-06,二手房,99.7,92.5,91.9
锦州,2025-06,新房,99.8,96.0,95.5
锦州,2025-07,二手房,99.6,93.0,92.0
锦州,2025-07,新房,99.7,96.1,95.5
锦州,2025-08,二手房,99.7,93.3,92.2
锦州,2025-08,新房,99.8,96.5,95.7
锦州,2025-09,二手房,99.6,93.6,92.4
锦州,2025-09,新房,99.9,97.0,95.8
锦州,2025-10,二手房,99.8,94.4,92.6
锦州,2025-10,新房,99.6,97.1,95.9
锦州,2025-11,二手房,99.7,95.0,92.8
锦州,2025-11,新房,99.9,96.8,96.0
锦州,2025-12,二手房,99.8,95.5,93.0
锦州,2025-12,新房,99.8,97.0,96.1
长春,2025-01,二手房,99.8,95.8,
长春,2025-01,新房,99.8,95.8,
长春,2025-02,二手房,99.3,93.4,93.4
长春,2025-02,新房,99.5,95.8,95.8
长春,2025-03,二手房,99.6,93.6,93.5
长春,2025-03,新房,99.7,96.1,95.9
长春,2025-04,二手房,99.7,93.9,93.6
长春,2025-04,新房,99.8,96.2,96.0
长春,2025-05,二手房,99.5,93.9,93.6
长春,2025-05,新房,99.3,95.7,95.9
长春,2025-06,二手房,99.4,93.8,93.7
长春,2025-06,新房,99.7,95.9,95.9
长春,2025-07,二手房,99.5,93.7,93.7
长春,2025-07,新房,100.1,96.1,95.9
长春,2025-08,二手房,100.1,94.5,93.8
长春,2025-08,新房,99.8,96.5,96.0
长春,2025-09,二手房,99.6,94.8,93.9
长春,2025-09,新房,100.1,97.2,96.1
长春,2025-10,二手房,99.4,94.8,94.0
长春,2025-10,新房,99.7,97.1,96.2
长春,2025-11,二手房,99.7,94.6,94.0
长春,2025-11,新房,99.6,96.5,96.3
长春,2025-12,二手房,99.8,95.2,94.1
长春,2025-12,新房,100.2,97.2,96.3
长沙,2025-01,二手房,100.0,93.5,
长沙,2025-01,新房,100.0,93.5,
长沙,2025-02,二手房,99.6,91.6,91.5
长沙,2025-02,新房,99.8,93.5,93.5
长沙,2025-03,二手房,99.5,92.1,91.7
长沙,2025-03,新房,100.3,94.2,93.7
长沙,2025-04,二手房,99.6,92.6,91.9
长沙,2025-04,新房,100.2,95.0,94.1
长沙,2025-05,二手房,99.3,93.1,92.2
长沙,2025-05,新房,100.3,96.2,94.5
长沙,2025-06,二手房,98.8,93.5,92.4
长沙,2025-06,新房,100.4,96.9,94.9
长沙,2025-07,二手房,99.3,93.3,92.5
长沙,2025-07,新房,99.6,97.3,95.2
长沙,2025-08,二手房,99.2,93.3,92.6
长沙,2025-08,新房,99.7,98.1,95.6
长沙,2025-09,二手房,99.2,93.4,92.7
长沙,2025-09,新房,99.6,98.4,95.9
长沙,2025-10,二手房,99.0,93.0,92.7
长沙,2025-10,新房,99.4,98.7,96.1
长沙,2025-11,二手房,99.5,92.9,92.7
长沙,2025-11,新房,99.2,98.4,96.3
长沙,2025-12,二手房,99.3,92.3,92.7
长沙,2025-12,新房,99.6,97.9,96.5
青岛,2025-01,二手房,100.1,94.8,
青岛,2025-01,新房,100.1,94.8,
青岛,2025-02,二手房,99.9,92.7,92.4
青岛,2025-02,新房,100.0,95.2,95.0
青岛,2025-03,二手房,99.9,93.1,92.7
青岛,2025-03,新房,100.2,95.7,95.2
青岛,2025-04,二手房,99.7,93.9,93.0
青岛,2025-04,新房,100.1,96.5,95.6
青岛,2025-05,二手房,99.8,94.8,93.3
青岛,2025-05,新房,100.0,97.3,95.9
青岛,2025-06,二手房,99.5,94.9,93.6
青岛,2025-06,新房,99.8,97.9,96.2
青岛,2025-07,二手房,99.4,95.1,93.8
青岛,2025-07,新房,99.6,98.2,96.5
青岛,2025-08,二手房,99.0,95.0,93.9
青岛,2025-08,新房,99.7,98.5,96.7
青岛,2025-09,二手房,99.4,95.5,94.1
青岛,2025-09,新房,99.5,98.7,97.0
青岛,2025-10,二手房,99.2,95.3,94.2
青岛,2025-10,新房,99.6,98.9,97.2
青岛,2025-11,二手房,99.4,95.0,94.3
青岛,2025-11,新房,99.8,98.9,97.3
青岛,2025-12,二手房,99.1,94.4,94.3
青岛,2025-12,新房,99.5,98.2,97.4
韶关,2025-02,二手房,99.7,93.5,93.2
韶关,2025-02,新房,99.4,94.2,94.2
韶关,2025-03,二手房,99.8,93.4,93.3
韶关,2025-03,新房,100.0,94.4,94.3
韶关,2025-04,二手房,99.4,93.1,93.2
韶关,2025-04,新房,99.7,94.6,94.4
韶关,2025-05,二手房,99.7,93.6,93.3
韶关,2025-05,新房,99.9,95.3,94.5
韶关,2025-06,二手房,99.6,94.0,93.4
韶关,2025-06,新房,99.8,95.1,94.6
韶关,2025-07,二手房,99.5,94.2,93.5
韶关,2025-07,新房,99.9,95.8,94.8
韶关,2025-08,二手房,99.7,94.8,93.7
韶关,2025-08,新房,99.8,96.6,95.0
韶关,2025-09,二手房,99.6,95.1,93.8
韶关,2025-09,新房,99.9,96.8,95.2
韶关,2025-10,二手房,99.4,94.9,93.9
韶关,2025-10,新房,100.2,97.3,95.4
韶关,2025-11,二手房,99.9,95.3,94.1
韶关,2025-11,新房,99.9,97.6,95.6
韶关,2025-12,二手房,99.5,95.6,94.2
韶关,2025-12,新房,100.1,98.3,95.8
