date,consumption::乡村社会消费品零售总额（亿元）,consumption::商品零售（亿元）,consumption::城镇社会消费品零售总额（亿元）,consumption::月度社会消费品零售总额（亿元）,consumption::服务业生产指数(当月同比增速%),consumption::限上单位消费品零售额（亿元）,consumption::餐饮收入（亿元）,fai_ytd_growth::专用设备制造业固定资产投资额累计增长(%),fai_ytd_growth::制造业固定资产投资额累计增长(%),fai_ytd_growth::汽车制造业固定资产投资额累计增长(%),fai_ytd_growth::电气机械和器材制造业固定资产投资额累计增长(%),fai_ytd_growth::计算机、通信和其他电子设备制造业固定资产投资额累计增长(%),industrial_value_added::同比增长,industrial_value_added::累计增长,m2_m1_m0::流通中的现金(M0),m2_m1_m0::流通中的现金(M0)__2,m2_m1_m0::流通中的现金(M0)__3,m2_m1_m0::货币(M1),m2_m1_m0::货币(M1)__2,m2_m1_m0::货币(M1)__3,m2_m1_m0::货币和准货币(M2),m2_m1_m0::货币和准货币(M2)__2,m2_m1_m0::货币和准货币(M2)__3,new_home_price_index::上海 | 二手住宅价格指数_同比,new_home_price_index::上海 | 二手住宅价格指数_环比,new_home_price_index::上海 | 新建商品住宅价格指数_同比,new_home_price_index::上海 | 新建商品住宅价格指数_环比,new_home_price_index::北京 | 二手住宅价格指数_同比,new_home_price_index::北京 | 二手住宅价格指数_环比,new_home_price_index::北京 | 新建商品住宅价格指数_同比,new_home_price_index::北京 | 新建商品住宅价格指数_环比,new_loans::同比增长,new_loans::同比增长__2,new_loans::当月(亿元),new_loans::环比增长,new_loans::累计(亿元),pmi::PMI,pmi::从业人员,pmi::供应商配送时间,pmi::原材料库存,pmi::新订单,pmi::生产,ppi::当月,ppi::当月同比增长,ppi::累计,tsf_increment::社会融资规模增量统计__2,tsf_increment::社会融资规模增量统计__3,tsf_increment::社会融资规模增量统计__4,tsf_increment::社会融资规模增量统计__5,tsf_increment::社会融资规模增量统计__6,tsf_increment::社会融资规模增量统计__7,tsf_increment::社会融资规模增量统计__8,tsf_increment::社会融资规模增量统计__9,usdcny::低,usdcny::开盘,usdcny::收盘,usdcny::涨跌幅,usdcny::高
2015-02-01,,,,,,,,,,,,,,,,,,,,,,,,,,,,,,,,,,,,,,,,,,,,,,34125.0,26145.0,66.0,2131.0,90.0,1354.0,2584.0,1068.0,,,,,
2015-03-01,,,,,,,,,,,,,,,,,,,,,,,,,,,,,,,,,,,,,,,,,,,,,,12433.0,9920.0,-4.0,1111.0,-77.0,-910.0,1344.0,639.0,,,,,
2015-04-01,,,,,,,,,,,,,,,,,,,,,,,,,,,,,,,,,,,,,,,,,,,,,,10582.0,8045.0,-265.0,344.0,-46.0,-74.0,1616.0,597.0,,,,,
2015-05-01,,,,,,,,,,,,,,,,,,,,,,,,,,,,,,,,,,,,,,,,,,,,,,12397.0,8510.0,81.0,324.0,-195.0,961.0,1710.0,584.0,,,,,
2015-06-01,,,,,,,,,,,,,,,,,,,,,,,,,,,,,,,,,,,,,,,,,,,,,,18384.0,13240.0,560.0,1414.0,536.0,-1028.0,2132.0,1051.0,,,,,
2015-07-01,,,,,,,,,,,,,,,,,,,,,,,,,,,,,,,,,,,,,,,,,,,,,,7511.0,5890.0,-133.0,1137.0,99.0,-3317.0,2832.0,615.0,,,,,
2015-08-01,,,,,,,,,,,,,,,,,,,,,,,,,,,,,,,,,,,,,,,,,,,,,,11097.0,7756.0,-620.0,1198.0,317.0,-1577.0,3121.0,479.0,,,,,
2015-09-01,,,,,,,,,,,,,,,,,,,,,,,,,,,,,,,,,,,,,,,,,,,,,,13571.0,10417.0,-2344.0,2422.0,-159.0,-1279.0,3805.0,349.0,,,,,
2015-10-01,,,,,,,,,,,,,,,,,,,,,,,,,,,,,,,,,,,,,,,,,,,,,,5593.0,5574.0,-1317.0,1390.0,-201.0,-3697.0,3331.0,121.0,,,,,
2015-11-01,,,,,,,,,,,,,,,,,,,,,,,,,,,,,,,,,,,,,,,,,,,,,,10255.0,8873.0,-1142.0,910.0,-301.0,-2545.0,3378.0,568.0,,,,,
2015-12-01,,,,,,,,,,,,,,,63216.58,0.049,0.0479,400953.44,0.152,0.0344,1392278.11,0.133,0.0133,,,,,,,,,,,,,,,,,,,,94.1,-0.059,94.8,18114.0,8323.0,-1308.0,3530.0,370.0,1546.0,3535.0,1518.0,6.3894,6.3976,6.4921,0.0147,6.495
2016-02-01,,,,,,,,,,,,,,,70974.005,0.0515,0.05224999999999999,402595.17000000004,0.18,-0.0098,1420469.115,0.1365,0.0116,,,,,,,,,,,,,,,,,,,,94.9,-0.051000000000000004,94.81,43070.0,33475.0,-2296.0,3825.0,860.0,-2378.0,6469.0,2279.0,6.49805,6.5412,6.56385,0.0046500000000000005,6.5898
2016-03-01,,,,,,,,,,,,,,,64651.21,0.044,-0.0687,411581.31,0.221,0.0486,1446198.03,0.134,0.0151,,,,,,,,,,,,,,,,,,,,95.68,-0.043,95.16,23931.0,13176.0,6.0,1660.0,732.0,173.0,7081.0,562.0,6.448,6.5449,6.448,-0.0159,6.5549
2016-04-01,,,,,,,,,,,,,,,64403.17,0.06,-0.0038,413504.84,0.229,0.0047,1445209.59,0.128,-0.0007,,,,,,,,,,,,,,,,,,,,96.62,-0.034,95.53,7809.0,5642.0,-706.0,1694.0,269.0,-2776.0,2366.0,951.0,6.4563,6.4625,6.4738,0.004,6.5095
2016-05-01,,,,,,,,,,,,,,,62780.71,0.063,-0.0252,424250.7,0.237,0.026,1461695.11,0.118,0.0114,,,,,,,,,,,,,,,,,,,,97.2,-0.028,95.9,6770.0,9374.0,-524.0,1566.0,121.0,-5067.0,-250.0,1073.0,6.47,6.4755,6.5798,0.0164,6.5869
2016-06-01,,,,,,,,,,,,,,,62818.89,0.072,0.0006,443643.7,0.246,0.0457,1490491.83,0.118,0.0197,,,,,,,,,,,,,,,,,,,,97.4,-0.026,96.1,16479.0,13141.0,-267.0,1721.0,809.0,-2720.0,-250.0,1158.0,6.5548,6.5863,6.6459,0.01,6.6557
2016-07-01,,,,,,,,,,,,,,,63276.01,0.072,0.0073,442934.43,0.254,-0.0016,1491558.72,0.102,0.0007,,,,,,,,,,,,,,,,,,,,98.3,-0.017,96.4,4791.0,4550.0,-401.0,1775.0,210.0,-5118.0,2208.0,1135.0,6.6361,6.648,6.6371,-0.0013,6.7056
2016-08-01,,,,,,,,,,,,,,,63454.7,0.074,0.0028,454543.6,0.253,0.0262,1510982.91,0.114,0.013,,,,,,,,,,,,,,,,,,,,99.2,-0.008,96.8,14605.0,7969.0,70.0,1432.0,736.0,-376.0,3236.0,1075.0,6.6137,6.632,6.6776,0.0061,6.6838
2016-09-01,,,,,,,,,,,,,,,65068.62,0.066,0.0254,454340.25,0.247,-0.0004,1516360.5,0.115,0.0036,,,,,,,,,,,,,,,,,,,,100.1,0.001,97.1,17115.0,12628.0,-487.0,1451.0,1057.0,-2230.0,2872.0,1368.0,6.6561,6.6793,6.6685,-0.0014,6.6873
2016-10-01,,,,,,,,,,,,,,,64214.93,0.072,-0.0131,465446.65,0.239,0.0244,1519485.4,0.116,0.0021,,,,,,,,,,,,,,,,,,,,101.2,0.012,97.5,8865.0,6010.0,-335.0,725.0,530.0,-1801.0,2192.0,1125.0,6.668,6.668,6.7735,0.0157,6.7877
2016-11-01,,,,,,,,,,,,,0.062,0.06,64903.5,0.076,0.0107,475405.54,0.227,0.0214,1530432.06,0.114,0.0072,,,,,,,,,,,,,,,,,,,,103.3,0.033,98.0,18328.0,8463.0,-310.0,1994.0,1625.0,1171.0,3859.0,861.0,6.7551,6.7758,6.8837,0.0163,6.924
2016-12-01,,,,,,,,,,,,,0.06,0.06,68303.87,0.081,0.0524,486557.24,0.214,0.0235,1550066.67,0.113,0.0128,,,,,,,,,,,,,,,,,,,,105.5,0.055,98.6,16397.0,9943.0,-389.0,4011.0,1643.0,1606.0,-2016.0,828.0,6.8625,6.8926,6.943,0.0086,6.9613
2017-02-01,,,,,,,,,,,,,,0.063,79163.15,0.1135,0.048049999999999995,474527.025,0.1795,-0.01015,1587025.78,0.10575,0.012799999999999999,,,,,,,,,,,,,,,,,,,,107.35,0.07350000000000001,107.1,47878.0,33450.0,494.0,4308.0,4237.0,4411.0,-1635.0,1795.0,6.8411,6.9121,6.871650000000001,-0.0055,6.92755
2017-03-01,,,,,,,,,,,,,0.076,0.068,68605.05,0.061,-0.0435,488770.09,0.188,0.0257,1607938.98,0.1012,0.0114,,,,,,,,,,,,,,,,,,,,107.6,0.076,107.4,21186.0,11586.0,288.0,2039.0,3113.0,2390.0,129.0,800.0,6.866,6.8748,6.8832,0.0024,6.9215
2017-04-01,,,,,,,,,,,,,0.065,0.067,68392.6,0.062,-0.0031,490180.42,0.185,0.0029,1603918.84,0.0984,-0.0025,,,,,,,,,,,,,,,,,,,,106.4,0.064,107.2,13880.0,10806.0,-283.0,-48.0,1473.0,345.0,501.0,769.0,6.8737,6.8871,6.89,0.001,6.911
2017-05-01,,,,,,,,,,,,,0.065,0.067,67333.21,0.073,-0.0155,496389.78,0.17,0.0127,1609740.77,0.0913,0.0036,,,,,,,,,,,,,,,,,,,,105.5,0.055,106.8,10631.0,11780.0,-99.0,-278.0,1812.0,-1245.0,-2488.0,458.0,6.8101,6.8935,6.8098,-0.0116,6.909
2017-06-01,,,,,,,,,,,,,0.076,0.069,66977.68,0.066,-0.0053,510228.17,0.15,0.0279,1639497.05,0.091,0.0185,,,,,,,,,,,,,,,,,,,,105.5,0.055,106.6,17718.0,14474.0,73.0,-32.0,2481.0,-230.0,-169.0,487.0,6.7614,6.8008,6.7793,-0.0045,6.8455
2017-07-01,,,,,,,,,,,,,0.064,0.068,67129.04,0.061,0.0023,510484.58,0.153,0.0005,1636341.11,0.0889,-0.0019,,,,,,,,,,,,,,,,,,,,105.5,0.055,106.4,11956.0,9152.0,-213.0,163.0,1232.0,-2037.0,2621.0,536.0,6.7213,6.7761,6.724,-0.0082,6.8078
2017-08-01,,,,,,,,,,,,,0.06,0.067,67550.99,0.065,0.0063,518113.93,0.14,0.0149,1652947.3,0.0856,0.0101,,,,,,,,,0.4388,0.1762,11466.15,0.2529,102714.34,,,,,,,106.4,0.063,106.4,14895.0,11466.0,-332.0,-82.0,1143.0,242.0,1137.0,653.0,6.5799,6.7266,6.5888,-0.0201,6.7315
2017-09-01,,,,,,,,,,,,,0.066,0.067,69748.54,0.072,0.0325,517863.04,0.14,-0.0005,1663666.05,0.0898,0.0065,,,,,,,,,-0.0589,0.1465,11884.84,0.0365,114599.19,,,,,,,106.9,0.069,106.5,18335.0,11885.0,-232.0,775.0,2368.0,784.0,1654.0,519.0,6.4349,6.5899,6.6533,0.0098,6.6835
2017-10-01,,,,,,,,,,,,,0.062,0.067,68230.69,0.063,-0.0218,525977.19,0.13,0.0157,1662449.96,0.0888,-0.0007,,,,,,,,,0.104,0.1441,6635.25,-0.4417,121234.44,,,,,,,106.9,0.069,106.5,10357.0,6635.0,-44.0,43.0,1019.0,12.0,1482.0,601.0,6.5704,6.6534,6.6328,-0.0031,6.6634
2017-11-01,,,,,,,,,,,,,0.061,0.066,68623.16,0.057,0.0058,535565.05,0.127,0.0182,1679156.64,0.0911,0.01,,,,,,,,,0.3504,0.1593,11428.46,0.7224,132662.9,,,,,,,105.8,0.058,106.4,16128.0,11428.0,198.0,280.0,1434.0,15.0,853.0,1324.0,6.5718,6.6349,6.609,-0.0036,6.6518
2017-12-01,,,,,,,,,,,,,0.062,0.066,70645.6,0.034,0.0295,543790.15,0.118,0.0154,1690235.31,0.0807,0.0066,,,,,,,,,-0.4197,0.113,5769.49,-0.4952,138432.39,51.6,48.5,49.3,48.0,53.4,54.0,104.9,0.049,106.3,11481.0,5769.0,169.0,601.0,2245.0,676.0,337.0,817.0,6.5034,6.6097,6.5063,-0.0155,6.6241
2018-02-01,,,,,,,,,,,,,,0.072,78030.265,-0.0015000000000000013,0.0737,530141.56,0.1175,-0.0246,1724942.29,0.087,0.01145,,,,,,,,,0.07465000000000001,0.13415,18524.87,1.51695,31949.995,50.8,48.2,48.8,49.05,51.8,52.1,104.0,0.039999999999999994,104.15,42687.0,37049.0,352.0,-1464.0,1115.0,1543.0,1866.0,879.0,6.26815,6.39675,6.30605,-0.013600000000000001,6.45055
2018-03-01,,,,,,,,,,,,,0.06,0.068,72692.63,0.06,-0.1072,523540.07,0.071,0.0126,1739859.48,0.082,0.0062,,,,,,,,,-0.0139,0.0763,11424.57,0.1201,48474.31,51.5,49.1,50.1,49.6,53.3,53.1,103.1,0.031,103.7,15848.0,11425.0,139.0,-1850.0,-357.0,-323.0,3536.0,404.0,6.2429,6.3281,6.2726,-0.0088,6.3614
2018-04-01,,,,,,,,,,,,,0.07,0.069,71476.46,0.045,-0.0167,525447.77,0.072,0.0036,1737683.73,0.083,-0.0013,,,,,,,,,0.0168,0.0648,10987.35,-0.0383,59461.66,51.4,49.0,50.2,49.5,52.9,53.1,103.4,0.034,103.6,17761.0,10987.0,-26.0,-1481.0,-94.0,1454.0,4047.0,533.0,6.261,6.2679,6.3325,0.0095,6.3481
2018-05-01,,,,,,,,,,,,,0.068,0.069,69774.81,0.036,-0.0238,526276.72,0.06,0.0016,1743063.79,0.083,0.0031,,,,,,,,,-0.0326,0.0478,11396.18,0.0372,70857.84,51.9,49.1,50.1,49.6,53.8,54.1,104.1,0.041,103.7,9518.0,11396.0,-228.0,-1570.0,-904.0,-1741.0,-382.0,438.0,6.3284,6.3531,6.4096,0.0122,6.4338
2018-06-01,,,,,,,,,,,,,0.06,0.067,69589.33,0.039,-0.0027,543944.71,0.066,0.0336,1770178.37,0.08,0.0156,,,,,,,,,0.1598,0.0676,16787.34,0.4731,87645.18,51.5,49.0,50.2,48.8,53.2,53.6,104.7,0.047,103.9,14877.0,16787.0,-364.0,-1642.0,-1623.0,-3649.0,1349.0,258.0,6.3851,6.4094,6.6171,0.0324,6.6417
2018-07-01,,,,,,,,,,,,,0.06,0.066,69530.59,0.036,-0.0008,536624.29,0.051,-0.0135,1776196.11,0.085,0.0034,,,,,,,,,0.4054,0.1015,12861.15,-0.2339,100506.34,51.2,49.2,50.0,48.9,52.3,53.0,104.6,0.046,104.0,12254.0,12861.0,-773.0,-950.0,-1192.0,-2744.0,2195.0,175.0,6.5989,6.6285,6.8038,0.0282,6.842
2018-08-01,,,,,,,,,,,,,0.061,0.065,69775.39,0.033,0.0035,538324.64,0.039,0.0032,1788670.43,0.082,0.007,,,,,,,,,0.146,0.1064,13140.0,0.0217,113646.34,51.3,49.4,49.6,48.7,52.2,53.3,104.1,0.041,104.0,19391.0,13140.0,-344.0,-1207.0,-688.0,-779.0,3402.0,141.0,6.7891,6.8253,6.83,0.0039,6.9349
2018-09-01,,,,,,,,,,,,,0.058,0.064,71254.26,0.022,0.0212,538574.08,0.04,0.0005,1801665.58,0.083,0.0073,,,,,,,,,0.2067,0.1168,14341.0,0.0914,127987.33,50.8,48.3,49.7,47.8,52.0,53.0,103.6,0.036,104.0,21691.0,14341.0,-670.0,-1432.0,-909.0,-548.0,382.0,272.0,6.8065,6.8426,6.868,0.0056,6.8927
2018-10-01,,,,,,,,,,,,,0.059,0.064,70106.62,0.028,-0.0161,540128.37,0.027,0.0029,1795561.6,0.08,-0.0034,,,,,,,,,0.0763,0.1146,7141.28,-0.502,135128.62,50.2,48.1,49.5,47.2,50.8,52.0,103.3,0.033,103.9,7420.0,7141.0,-800.0,-949.0,-1273.0,-453.0,1476.0,176.0,6.8895,6.9039,6.9737,0.0154,6.9774
2018-11-01,5269.7,30734.7,29990.0,35259.7,7.3,13678.7,4525.0,,,,,,0.054,0.063,70563.3,0.028,0.0065,543498.66,0.015,0.0062,1813175.07,0.08,0.0098,,,,,,,,,0.0765,0.1113,12302.33,0.7227,147430.95,50.0,48.3,50.3,47.4,50.4,51.9,102.7,0.027,103.8,15239.0,12302.0,-787.0,-1310.0,-467.0,-127.0,3127.0,200.0,6.8691,6.9679,6.9558,-0.0026,6.9703
2018-12-01,5564.6,31471.9,30328.9,35893.5,7.3,15084.0,4421.6,,,,,,0.057,0.062,73208.4,0.036,0.0375,551685.91,0.015,0.0151,1826744.22,0.081,0.0075,,,,,,,,,0.6087,0.1321,9281.46,-0.2456,156712.41,49.4,48.0,50.4,47.1,49.7,50.8,100.9,0.009,103.5,15898.0,9281.0,-702.0,-2210.0,-509.0,1023.0,3757.0,130.0,6.8315,6.925,6.8755,-0.0115,6.934
2019-02-01,,,,,,,,,,,,,,0.053,83477.67,0.074,0.05175,536414.47,0.01,-0.022399999999999996,1866681.3900000001,0.082,0.011149999999999998,,,,,,,,,0.03875000000000001,0.24865,21654.5,1.0286,39488.68,49.35,47.65,49.95,47.2,50.1,50.2,100.1,0.001,100.1,56456.0,43309.0,238.0,-1207.0,308.0,684.0,5704.0,408.0,6.68215,6.78115,6.6935,-0.0134,6.8391
2019-03-01,4533.9,28332.8,27191.8,31725.7,7.6,11952.5,3393.0,,,,,,0.085,0.065,74941.58,0.031,-0.0572,547575.54,0.046,0.0387,1889412.14,0.086,0.0118,,,,,,,,,0.7142,0.2975,19584.4,1.563,62893.4,50.5,47.6,50.2,48.4,51.6,52.7,100.4,0.004,100.2,29602.0,19584.0,3.0,-1070.0,528.0,1365.0,3546.0,122.0,6.669,6.6942,6.7112,0.003,6.7411
2019-04-01,4327.1,27305.3,26259.0,30586.1,7.4,11120.1,3280.7,,,,,,0.054,0.062,73965.76,0.035,-0.013,540614.6,0.029,-0.0127,1884670.33,0.085,-0.0025,,,,,,,,,-0.2052,0.2046,8732.83,-0.5541,71626.22,50.1,47.2,49.9,47.2,51.4,52.1,100.9,0.009,100.3,16710.0,8733.0,-330.0,-1197.0,129.0,-357.0,3949.0,262.0,6.6845,6.712,6.7347,0.0035,6.7502
2019-05-01,4651.8,29324.4,28303.9,32955.7,7.0,11693.8,3631.3,,,,,,0.05,0.06,72798.46,0.043,-0.0158,544355.64,0.034,0.0069,1891153.7,0.085,0.0034,,,,,,,,,0.0403,0.1782,11855.46,0.3576,83481.68,49.4,47.0,50.9,47.4,49.8,51.7,100.6,0.006,100.4,17124.0,11855.0,191.0,-631.0,-52.0,-768.0,1033.0,259.0,6.7336,6.7349,6.9027,0.0249,6.9218
2019-06-01,4919.2,30154.8,28959.0,33878.1,7.1,13163.4,3723.3,,,,,,0.063,0.06,72580.96,0.043,-0.003,567696.18,0.044,0.0429,1921360.19,0.085,0.016,,,,,,,,,-0.003,0.1435,16736.9,0.4117,100218.58,49.4,46.9,50.2,48.2,49.6,51.3,100.0,0.0,100.3,26243.0,16737.0,-4.0,-827.0,15.0,-1311.0,1439.0,153.0,6.8339,6.905,6.865,-0.0055,6.9376
2019-07-01,4719.5,29415.2,28353.8,33073.3,6.3,11412.1,3658.0,,,,,,0.048,0.058,72689.25,0.045,0.0015,553043.11,0.031,-0.0258,1919410.82,0.081,-0.001,,,,,,,,,-0.3713,0.0776,8086.07,-0.5169,108304.66,49.7,47.1,50.1,48.0,49.8,52.1,99.7,-0.003,100.2,12872.0,8086.0,-221.0,-987.0,-676.0,-4562.0,2944.0,593.0,6.8336,6.8668,6.8833,0.0027,6.8971
2019-08-01,4762.1,30039.2,29134.3,33896.3,6.4,11772.1,3857.1,,,,,,0.044,0.056,73152.62,0.048,0.0064,556798.09,0.034,0.0068,1935492.43,0.082,0.0084,,,,,,,,,-0.0072,0.0678,13045.18,0.6133,121349.84,49.5,46.9,50.3,47.5,49.7,51.9,99.2,-0.008,100.1,21956.0,13045.0,-247.0,-513.0,-658.0,157.0,3384.0,256.0,6.8842,6.8842,7.1543,0.0394,7.1715
2019-09-01,5382.5,30724.7,29112.4,34494.9,6.7,12835.4,3770.2,,,,,,0.058,0.056,74129.75,0.04,0.0134,557137.95,0.034,0.0006,1952250.49,0.084,0.0087,,,,,,,,,0.2281,0.0858,17612.44,0.3501,138962.28,49.8,47.0,50.5,47.6,50.5,52.3,98.8,-0.012,100.0,25142.0,17612.0,-440.0,-22.0,-672.0,-431.0,2431.0,289.0,7.0623,7.1568,7.1477,-0.0009,7.1856
2019-10-01,5360.2,33736.9,32744.1,38104.3,6.6,12322.1,4367.5,,,,,,0.047,0.056,73395.4,0.047,-0.0099,558143.92,0.033,0.0018,1945600.55,0.084,-0.0034,,,,,,,,,-0.2341,0.0688,5469.64,-0.6894,144431.92,49.3,47.3,50.1,47.4,49.6,50.8,98.4,-0.016,99.8,8680.0,5470.0,-10.0,-667.0,-624.0,-1053.0,2032.0,180.0,7.0314,7.1315,7.0379,-0.0154,7.1529
2019-11-01,5748.4,33130.1,32345.4,38093.8,6.8,13964.7,4963.7,,,,,,0.062,0.056,73973.82,0.048,0.0079,562486.52,0.035,0.0078,1961429.56,0.082,0.0081,,,,,,,,,0.1082,0.0721,13633.17,1.493,158065.09,50.2,47.3,50.5,47.8,51.3,52.6,98.6,-0.014,99.7,19937.0,13633.0,-249.0,-959.0,-673.0,570.0,3330.0,524.0,6.9682,7.0395,7.0308,-0.001,7.0497
2019-12-01,6072.9,33952.1,32703.8,38776.7,6.8,15337.6,4824.6,,,,,,0.069,0.057,77189.47,0.054,0.0435,576009.15,0.044,0.024,1986488.82,0.087,0.0128,,,,,,,,,0.1604,0.0774,10769.82,-0.21,168834.91,50.2,47.3,51.1,47.2,51.2,53.2,99.5,-0.005,99.7,22013.0,10770.0,-205.0,-1316.0,-1092.0,951.0,3593.0,432.0,6.9567,7.027,6.9618,-0.0098,7.0743
2020-02-01,,,,,,,,,,,,,,-0.135,90718.10500000001,0.0875,0.0769,549116.26,0.024,-0.0199,2026948.455,0.086,0.0111,,,,,,,,,-0.03915,-0.0241,21063.0,0.7245999999999999,38525.0,42.85,39.65,41.0,40.5,40.35,39.55,99.85,-0.0015,99.94999999999999,59272.0,42126.0,765.0,-382.0,-108.0,-2558.0,7861.0,1058.0,6.888450000000001,6.9498999999999995,6.9635,0.0021,7.0116
2020-03-01,3475.9,24617.9,22974.0,26449.9,-9.1,9984.3,1832.0,,,,,,-0.011,-0.084,83022.21,0.108,-0.0586,575050.29,0.05,0.0404,2080923.41,0.101,0.0247,,,,,,,,,0.5517,0.153,30390.0,3.22,72516.0,52.0,50.9,48.2,49.0,52.0,54.1,98.5,-0.015,99.4,51838.0,30390.0,1145.0,-588.0,-21.0,2818.0,9931.0,198.0,6.9094,6.9742,7.0808,0.0129,7.127
2020-04-01,3620.1,25871.2,24557.7,28177.8,-4.5,10588.3,2306.6,,,,,,0.039,-0.049,81485.21,0.102,-0.0185,570150.48,0.055,-0.0085,2093533.83,0.111,0.0061,,,,,,,,,0.8595,0.2391,16239.0,-0.4656,88755.0,50.8,50.2,50.1,48.2,50.2,53.7,96.9,-0.031,98.8,31027.0,16239.0,910.0,-579.0,23.0,577.0,9237.0,315.0,7.0275,7.0825,7.06,-0.0029,7.1283
2020-05-01,4091.8,28959.5,27880.9,31972.8,1.0,11664.2,3013.3,,,,,,0.044,-0.028,79706.83,0.095,-0.0218,581111.06,0.068,0.0192,2100183.74,0.111,0.0032,,,,,,,,,0.3076,0.2489,15502.0,-0.0454,104257.0,50.6,49.4,50.5,47.3,50.9,53.2,96.3,-0.037,98.3,31866.0,15502.0,457.0,-273.0,-337.0,836.0,2879.0,353.0,7.0622,7.0622,7.1348,0.0106,7.18
2020-06-01,4474.3,30263.5,29051.6,33525.9,2.3,13106.9,3262.4,,,,,,0.048,-0.013,79459.41,0.095,-0.0031,604317.97,0.065,0.0399,2134948.66,0.111,0.0166,,,,,,,,,0.1369,0.2302,19029.0,0.2275,123286.0,50.9,49.1,50.5,47.6,51.4,53.9,97.0,-0.03,98.1,34681.0,19029.0,204.0,-484.0,-852.0,2190.0,3686.0,538.0,7.0511,7.1151,7.0651,-0.0098,7.14
2020-07-01,4177.5,28920.0,28025.0,32202.5,3.5,11351.3,3282.5,,,,,,0.048,-0.004,79867.21,0.099,0.0051,591192.64,0.069,-0.0217,2125458.46,0.107,-0.0044,,,,,,,,,0.264,0.2327,10221.0,-0.4629,133507.0,51.1,49.3,50.4,47.9,51.7,54.0,97.6,-0.024,98.0,16928.0,10221.0,-524.0,-152.0,-1367.0,-1130.0,2358.0,1215.0,6.9646,7.0675,6.9744,-0.0128,7.0743
2020-08-01,4297.9,29951.3,29272.7,33570.6,4.0,12136.1,3619.3,,,,,,0.056,0.004,80042.71,0.094,0.0022,601289.1,0.08,0.0171,2136836.91,0.104,0.0054,,,,,,,,,0.0886,0.2172,14201.0,0.3894,147708.0,51.0,49.4,50.4,47.3,52.0,53.5,98.0,-0.02,98.0,35853.0,14201.0,397.0,-415.0,-316.0,1441.0,3659.0,1282.0,6.8422,6.9816,6.8474,-0.0182,6.9885
2020-09-01,5094.6,31579.5,30200.1,35294.7,5.4,13376.4,3715.1,,,,,,0.069,0.012,82370.87,0.111,0.0291,602312.12,0.081,0.0017,2164084.8,0.109,0.0128,,,,,,,,,0.0885,0.2009,19171.0,0.35,166879.0,51.5,49.6,50.7,48.5,52.8,54.0,97.9,-0.021,98.0,34693.0,19171.0,-302.0,-317.0,-1159.0,1503.0,1316.0,1141.0,6.7508,6.8445,6.7896,-0.0084,6.8565
2020-10-01,5078.5,34204.1,33498.0,38576.5,7.4,13095.0,4372.3,,,,,,0.069,0.018,81036.43,0.104,-0.0162,609182.41,0.091,0.0114,2149720.42,0.105,-0.0066,,,,,,,,,0.2182,0.2015,6663.0,-0.6524,173542.0,51.4,49.3,50.6,48.0,52.8,53.9,97.9,-0.021,98.0,13929.0,6663.0,-175.0,-174.0,-875.0,-1089.0,2263.0,927.0,6.6408,6.7908,6.6919,-0.0144,6.7909
2020-11-01,5442.3,34534.4,34071.9,39514.2,8.0,15190.3,4979.7,,,,,,0.07,0.023,81593.61,0.103,0.0069,618632.17,0.1,0.0155,2172002.55,0.107,0.0104,,,,,,,,,0.1229,0.1948,15309.0,1.298,188851.0,52.1,49.5,50.1,48.6,53.9,54.7,98.5,-0.015,98.0,21355.0,15309.0,-447.0,-31.0,-1387.0,-625.0,840.0,771.0,6.5389,6.6927,6.576,-0.0173,6.7508
2020-12-01,5860.0,35616.3,34706.0,40566.0,7.7,16300.8,4949.7,,,,,,0.073,0.028,84314.53,0.092,0.0333,625580.99,0.086,0.0112,2186795.89,0.101,0.0068,,,,,,,,,0.0639,0.1864,11458.0,-0.2516,200309.0,51.9,49.6,49.9,48.6,53.6,54.2,99.6,-0.004,98.2,17192.0,11458.0,-981.0,-559.0,-4620.0,-2216.0,436.0,1126.0,6.5152,6.5789,6.525,-0.0078,6.5875
2021-02-01,,,,,,,,,,,,,,0.351,90774.92000000001,0.0015000000000000013,0.04435,609525.635,0.11049999999999999,-0.02565,2224538.795,0.0975,0.0112,,,,,,,,,0.47785,0.15905,25797.5,0.8416499999999999,44888.5,50.95,48.25,48.349999999999994,48.35,51.9,52.7,101.0,0.01,100.65,69127.0,51595.0,1562.0,-9.0,-1778.0,5541.0,5273.0,1684.1799999999998,6.42575,6.473800000000001,6.449,-0.0039,6.5036000000000005
2021-03-01,4690.2,31973.5,30793.8,35484.1,25.3,13699.7,3510.5,,,,,,0.141,0.245,86543.64,0.042,-0.0585,616113.17,0.071,0.0381,2276488.45,0.094,0.0181,,,,,,,,,-0.0947,0.0909,27511.0,1.051,79106.0,51.9,50.1,50.0,48.4,53.6,53.9,104.4,0.044,102.1,33762.0,27511.0,282.0,-42.0,-1791.0,-2296.0,3807.0,783.0,6.4556,6.4676,6.5518,0.0122,6.5802
2021-04-01,4264.6,29775.8,28888.0,33152.6,18.2,12592.4,3376.9,,,,,,0.098,0.203,85803.37,0.053,-0.0086,605421.89,0.062,-0.0174,2262107.12,0.081,-0.0063,,,,,,,,,-0.2093,0.036,12840.0,-0.5333,91946.0,51.1,49.6,48.7,48.3,52.0,52.2,106.8,0.068,103.3,18570.0,12840.0,-272.0,-213.0,-1328.0,-2152.0,3624.0,814.0,6.4633,6.5556,6.473,-0.012,6.5792
2021-05-01,4632.4,32128.8,31312.7,35945.1,12.5,13214.4,3816.3,,,,,,0.088,0.178,84177.72,0.056,-0.0189,616828.32,0.061,0.0188,2275538.07,0.083,0.0059,,,,,,,,,-0.0779,0.019,14294.0,0.1132,106240.0,51.0,48.9,47.6,47.7,51.3,52.7,109.0,0.09,104.4,19522.0,14294.0,7.0,-408.0,-1295.0,-926.0,-1077.0,717.0,6.3568,6.4808,6.3688,-0.0161,6.484
2021-06-01,5034.3,33663.0,32551.5,37585.8,10.9,14890.7,3922.8,,,,,,0.083,0.159,84346.97,0.062,0.002,637479.36,0.055,0.0335,2317788.36,0.086,0.0186,,,,,,,,,0.2182,0.0498,23182.0,0.6218,129422.0,50.9,49.2,47.9,48.0,51.5,51.9,108.8,0.088,105.1,37017.0,23182.0,701.0,-474.0,-1046.0,-221.0,3927.0,956.0,6.3611,6.3676,6.4566,0.0138,6.4903
2021-07-01,4546.5,31173.7,30378.5,34925.1,7.8,12425.2,3751.4,,,,,,0.064,0.144,84717.56,0.061,0.0044,620367.05,0.049,-0.0268,2302153.82,0.083,-0.0067,,,,,,,,,-0.179,0.0323,8391.0,-0.638,137813.0,50.4,49.6,48.9,47.7,50.9,51.0,109.0,0.09,105.7,10752.0,8391.0,-78.0,-151.0,-1571.0,-2316.0,3091.0,938.0,6.4498,6.4622,6.4609,0.0007,6.5132
2021-08-01,4444.5,30939.0,29950.3,34394.9,4.8,12342.5,3455.8,,,,,,0.053,0.131,85059.2,0.063,0.004,626658.69,0.042,0.0101,2312267.68,0.082,0.0044,,,,,,,,,-0.1048,0.0191,12713.0,0.5151,150526.0,50.1,49.6,48.0,47.7,49.6,50.9,109.5,0.095,106.2,29893.0,12713.0,347.0,177.0,-1362.0,127.0,4649.0,1478.0,6.4542,6.4615,6.4604,-0.0001,6.5057
2021-09-01,5371.2,33001.6,31461.8,36833.0,5.2,13902.0,3831.3,,,,,,0.031,0.118,86867.09,0.055,0.0213,624645.68,0.037,-0.0032,2342829.7,0.083,0.0132,,,,,,,,,-0.0739,0.0084,17755.0,0.3966,168281.0,49.6,49.0,48.1,48.2,49.3,49.5,110.7,0.107,106.7,29026.0,17755.0,-19.0,-22.0,-2098.0,14.0,1137.0,772.0,6.4291,6.4618,6.4452,-0.0024,6.476
2021-10-01,5364.0,35993.6,35089.9,40453.9,3.8,13866.7,4460.3,,,,,,0.035,0.109,86085.78,0.062,-0.009,626082.12,0.028,0.0023,2336160.48,0.087,-0.0028,,,,,,,,,0.1634,0.0144,7752.0,-0.5634,176033.0,49.2,48.8,46.7,47.0,48.8,48.4,113.5,0.135,107.3,16176.0,7752.0,-33.0,-173.0,-1061.0,-886.0,2261.0,846.0,6.3777,6.4493,6.405,-0.0062,6.4594
2021-11-01,5705.7,36200.1,35337.5,41043.2,3.1,16030.8,4843.1,,,,,,0.038,0.101,87433.41,0.072,0.0157,637482.04,0.03,0.0182,2356012.76,0.085,0.0085,,,,,,,,,-0.1495,0.0011,13021.0,0.6797,189054.0,50.1,48.9,48.2,47.7,49.4,52.0,112.9,0.129,107.9,25983.0,13021.0,-134.0,35.0,-2190.0,-383.0,4006.0,1294.0,6.3625,6.406,6.364,-0.0064,6.4098
2021-12-01,6026.1,36427.8,35242.8,41268.9,3.0,16703.2,4841.1,,,,,,0.043,0.096,90825.15,0.077,0.0388,647443.35,0.035,0.0156,2382899.56,0.09,0.0114,,,,,,,,,-0.0967,-0.0045,10350.0,-0.2051,199404.0,50.3,49.1,48.3,49.2,49.7,51.4,110.3,0.103,108.1,23682.0,10350.0,-649.0,-416.0,-4553.0,-1419.0,2167.0,2075.0,6.3384,6.3681,6.3521,-0.0019,6.385
2022-02-01,,,,,,,,,,,,,,0.075,101708.285,0.1215,0.04239999999999999,617735.73,0.014,-0.01965,2436255.81,0.095,0.01225,,,,,,,,,-0.11149999999999999,0.0448,25536.0,1.13665,46530.0,50.150000000000006,49.05,47.900000000000006,48.6,50.0,50.65,108.94999999999999,0.0895,109.0,73929.0,51072.0,1511.0,354.0,-1431.0,505.0,9448.0,2024.0,6.3116,6.3644,6.33445,-0.0034500000000000004,6.37895
2022-03-01,4533.7,31297.8,29699.4,34233.1,-0.9,13630.7,2935.3,,,,,,0.05,0.065,95141.92,0.1,-0.0215,645063.8,0.047,0.0377,2497688.34,0.097,0.023,,,,,,,,,0.1737,0.0538,32291.0,2.555,83363.0,49.5,48.6,46.5,47.3,48.8,49.5,108.3,0.083,108.7,46565.0,32291.0,239.0,107.0,-259.0,287.0,3750.0,958.0,6.3068,6.3071,6.3393,0.0049,6.3868
2022-04-01,3846.1,26874.2,25637.0,29483.1,-6.1,11012.0,2608.9,,,,,,-0.029,0.04,95626.49,0.115,0.0051,636139.01,0.051,-0.0138,2499710.9,0.105,0.0008,,,,,,,,,-0.7184,-0.054,3616.0,-0.888,86979.0,47.4,47.2,37.2,46.5,42.6,44.4,108.0,0.08,108.5,9327.0,3616.0,-760.0,-2.0,-615.0,-2557.0,3652.0,1166.0,6.3422,6.343,6.608,0.0424,6.6515
2022-05-01,4342.2,30534.7,29204.9,33547.0,-5.1,12713.0,3012.3,,,,,,0.007,0.033,95546.86,0.135,-0.0008,645107.52,0.046,0.0141,2527026.15,0.111,0.0109,,,,,,,,,0.2754,-0.0097,18230.0,4.041,105209.0,49.6,47.6,44.1,47.9,48.2,49.7,106.4,0.064,108.1,28415.0,18230.0,-240.0,-132.0,-619.0,-1068.0,366.0,292.0,6.5908,6.5908,6.6715,0.0096,6.8127
2022-06-01,5171.2,34976.7,33571.2,38742.5,1.3,16540.6,3765.7,,,,,,0.039,0.034,96011.17,0.139,0.0049,674374.81,0.058,0.0454,2581451.2,0.114,0.0215,,,,,,,,,0.3174,0.0489,30540.0,0.6753,135749.0,50.2,48.7,51.3,48.1,50.4,52.8,106.1,0.061,107.7,51926.0,61759.0,-291.0,-380.0,-828.0,1066.0,2346.0,589.0,6.6376,6.6676,6.6981,0.004,6.7617
2022-07-01,4665.3,32175.9,31204.8,35870.1,0.6,13737.1,3694.2,,,,,,0.038,0.035,96509.19,0.139,0.0052,661832.33,0.067,-0.0186,2578078.57,0.12,-0.0013,,,,,,,,,-0.5128,0.0147,4088.0,-0.8661,139837.0,49.0,48.6,50.1,47.9,48.5,49.8,104.2,0.042,107.2,7785.0,4088.0,-1137.0,89.0,-398.0,-2744.0,960.0,1437.0,6.684,6.694,6.7433,0.0067,6.7715
2022-08-01,4664.7,32510.3,31593.2,36257.9,1.8,14017.9,3747.6,,,,,,0.042,0.036,97231.03,0.143,0.0075,664604.85,0.061,0.0042,2595068.27,0.122,0.0066,,,,,,,,,0.0496,0.0176,13344.0,2.264,153181.0,49.4,48.9,49.5,48.0,49.2,49.8,102.3,0.023,106.6,24712.0,13344.0,-826.0,1755.0,-472.0,3486.0,1512.0,1251.0,6.723,6.7474,6.889,0.0216,6.9225
2022-09-01,5495.3,33977.5,32249.5,37744.9,1.3,15234.4,3767.3,,,,,,0.063,0.039,98672.06,0.136,0.0148,664535.17,0.064,-0.0001,2626600.92,0.121,0.0122,,,,,,,,,0.4467,0.0629,25686.0,0.9249,178867.0,50.1,49.0,48.7,47.6,49.8,51.5,100.95,0.009,105.94,35411.0,25686.0,-713.0,1508.0,-191.0,132.0,345.0,1022.0,6.8934,6.9065,7.1135,0.0326,7.2506
2022-10-01,5374.5,36171.2,34896.1,40270.5,0.1,14290.6,4099.4,,,,,,0.05,0.04,98416.71,0.144,-0.0026,662140.99,0.058,-0.0036,2612914.57,0.118,-0.0052,,,,,,,,,-0.4284,0.0413,4431.0,-0.8275,183298.0,49.2,48.3,47.1,47.7,48.1,49.6,98.7,-0.013,105.2,9134.0,4431.0,-724.0,470.0,-61.0,-2156.0,2413.0,788.0,7.1082,7.1102,7.3015,0.0264,7.3094
2022-11-01,5410.9,34179.9,33204.2,38615.1,-1.9,15606.6,4435.3,,,,,,0.022,0.038,99740.12,0.141,0.0134,667042.61,0.046,0.0074,2647008.48,0.124,0.013,,,,,,,,,-0.1208,0.0301,11448.0,1.584,194746.0,48.0,47.4,46.7,46.7,46.4,47.8,98.7,-0.013,104.6,19837.0,11448.0,-648.0,-88.0,-365.0,191.0,604.0,788.0,7.0248,7.3231,7.0879,-0.0293,7.3285
2022-12-01,5947.9,36385.3,34594.4,40542.3,-0.8,17070.7,4157.1,,,,,,0.013,0.036,104706.03,0.153,0.0498,671674.76,0.037,0.0069,2664320.84,0.118,0.0065,,,,,,,,,0.3914,0.0489,14401.0,0.2579,209147.0,47.0,44.8,40.1,47.1,43.9,44.6,99.3,-0.007,104.1,13058.0,14401.0,-1665.0,-101.0,-764.0,-554.0,-4887.0,1443.0,6.8931,7.045,6.8972,-0.0269,7.0907
2023-02-01,,,,,,,,,,,,,,0.024,111101.94,0.0925,0.0167,656576.45,0.0625,-0.010150000000000001,2746660.645,0.1275,0.017,,,,,,,,,0.5882499999999999,0.24805,33749.0,0.89635,58406.0,51.35,48.95,49.8,49.7,52.5,53.25,98.9,-0.011,99.05000000000001,91566.0,67498.0,179.0,507.0,4.0,2894.0,5300.0,1535.0,6.6988,6.829750000000001,6.843249999999999,0.0028000000000000004,6.948600000000001
2023-03-01,4987.4,34148.3,32868.0,37855.4,9.2,15459.1,3707.1,10.6,7.0,19.0,43.1,14.5,0.039,0.03,105591.3,0.11,-0.0187,678059.63,0.051,0.0306,2814566.31,0.127,0.0215,,,,,,,,,0.2228,0.2834,39487.0,1.172,106985.0,51.9,49.7,50.8,48.3,53.6,54.6,97.5,-0.025,98.4,53867.0,39487.0,427.0,175.0,-45.0,1792.0,3357.0,614.0,6.8166,6.9289,6.8676,-0.0094,6.9773
2023-04-01,4512.6,31159.0,30397.9,34910.5,13.5,13228.1,3751.5,8.6,6.4,18.5,42.1,14.2,0.056,0.036,105904.46,0.107,0.003,669761.55,0.053,-0.0122,2808469.34,0.124,-0.0022,,,,,,,,,0.2254,0.281,4431.0,-0.8878,111416.0,49.2,48.8,50.3,47.9,48.8,50.2,96.4,-0.036,97.9,12249.0,4431.0,-319.0,83.0,119.0,-1345.0,2940.0,993.0,6.8321,6.8788,6.911,0.0063,6.9338
2023-05-01,4897.2,33733.2,32906.1,37803.3,11.7,14033.4,4070.1,8.6,6.0,17.9,38.9,10.5,0.035,0.036,104756.71,0.096,-0.0108,675252.98,0.047,0.0082,2820504.68,0.116,0.0043,,,,,,,,,-0.3297,0.1751,12219.0,1.758,123635.0,48.8,,,,48.3,49.6,95.4,-0.046,97.4,15560.0,12219.0,-338.0,35.0,303.0,-1795.0,-2144.0,753.0,6.8924,6.895,7.1109,0.0289,7.1128
2023-06-01,4987.4,35580.6,34563.5,39951.4,6.8,16658.3,4370.8,7.7,6.0,20.0,38.9,9.4,0.044,0.038,105419.2,0.098,0.0063,695595.48,0.031,0.0301,2873023.83,0.113,0.0186,,,,,,,,,0.0613,0.1495,32413.0,1.653,156048.0,49.0,48.2,50.4,47.4,48.6,50.3,94.6,-0.054,96.9,42265.0,32413.0,-191.0,-56.0,-154.0,-691.0,2249.0,700.0,7.056,7.1043,7.2513,0.0197,7.2689
2023-07-01,5387.9,32483.4,31920.1,36760.7,5.7,13762.0,4277.4,6.4,5.7,19.2,39.1,9.8,0.037,0.038,106129.68,0.099,0.0067,677218.92,0.023,-0.0264,2854031.56,0.107,-0.0066,,,,,,,,,-0.911,0.1185,364.0,-0.9888,156412.0,49.3,48.1,50.5,48.2,49.5,50.2,95.6,-0.044,96.8,5366.0,364.0,-339.0,8.0,230.0,-1963.0,1290.0,786.0,7.1195,7.232,7.1426,-0.015,7.2558
2023-08-01,4958.9,33720.6,32973.7,37932.7,6.8,14460.8,4212.1,7.5,5.9,19.1,38.6,9.5,0.045,0.039,106515.36,0.095,0.0036,679588.35,0.022,0.0035,2869343.25,0.106,0.0054,,,,,,,,,0.0051,0.1086,13412.0,35.85,169824.0,49.7,48.0,51.6,48.4,50.2,51.9,97.0,-0.03,96.8,31279.0,13412.0,-201.0,97.0,-221.0,1129.0,2788.0,1036.0,7.1533,7.1592,7.2582,0.0162,7.3173
2023-09-01,5841.3,35539.2,33984.6,39826.0,6.9,15890.3,4286.8,8.2,6.2,20.4,38.1,10.2,0.045,0.04,109253.22,0.107,0.0257,678443.65,0.021,-0.0017,2896659.11,0.103,0.0095,,,,,,,,,-0.0123,0.0913,25369.0,0.8915,195193.0,50.2,48.1,50.8,48.5,50.5,52.7,97.5,-0.025,96.9,41326.0,25369.0,-583.0,208.0,402.0,2397.0,650.0,326.0,7.2448,7.2449,7.301,0.0059,7.3504
2023-10-01,5854.2,38533.4,37478.8,43333.0,7.7,15362.6,4799.6,10.7,6.2,18.7,36.6,9.6,0.046,0.041,108565.35,0.102,-0.0063,674696.07,0.019,-0.0055,2882276.07,0.103,-0.005,,,,,,,,,0.0916,0.0913,4837.0,-0.8093,200030.0,49.5,48.0,50.2,48.2,49.5,50.9,97.4,-0.026,96.9,18441.0,4837.0,152.0,-429.0,393.0,-2536.0,1178.0,321.0,7.2758,7.3019,7.3158,0.002,7.3196
2023-11-01,5974.8,36925.1,36530.2,42505.0,9.3,16857.8,5579.9,10.4,6.3,17.9,34.6,9.2,0.066,0.043,110225.18,0.104,0.0153,675903.41,0.013,0.0018,2912014.22,0.1,0.0103,,,,,,,,,-0.0287,0.0842,11120.0,1.299,211150.0,49.4,48.1,50.3,48.0,49.4,50.7,97.0,-0.03,96.9,24554.0,11120.0,-357.0,-386.0,197.0,202.0,1388.0,359.0,7.1184,7.3158,7.136,-0.0246,7.3198
2023-12-01,6479.2,38145.1,37071.0,43550.2,8.5,17885.4,5405.1,10.4,6.5,19.4,32.2,9.3,0.068,0.046,113444.64,0.083,0.0292,680542.52,0.013,0.0069,2922713.33,0.097,0.0037,,,,,,,,,-0.2298,0.0626,11092.0,-0.0025,222242.0,49.0,47.9,50.3,47.7,48.7,50.2,97.3,-0.027,97.0,19401.0,11092.0,-635.0,-43.0,347.0,-1867.0,-2741.0,508.0,7.088,7.135,7.0978,-0.0054,7.1883
2024-02-01,,,,,,,,12.0,9.4,7.0,24.1,14.8,,0.07,121204.23499999999,0.092,0.03345,1106639.0,0.0295,0.3109,2985911.585,0.087,0.0124,,,,,,,,,-0.24050000000000002,-0.0783,29087.0,1.28295,53287.5,49.150000000000006,47.55,49.8,47.5,49.0,50.55,97.4,-0.026000000000000002,97.45,79693.0,58174.0,980.0,-531.0,1303.0,1950.0,5743.0,536.0,7.1424,7.1438,7.1775,0.0063,7.19855
2024-03-01,5176.5,35055.9,33843.4,39019.9,5.0,15535.1,3964.0,14.1,9.9,7.4,13.9,14.3,0.045,0.061,117210.5,0.11,-0.0314,1117433.0,0.023,0.0222,3047952.16,0.083,0.0175,,,,,,,,,-0.1663,-0.1485,32920.0,2.368,91094.0,50.8,48.1,50.6,48.1,53.0,52.2,97.2,-0.028,97.3,48335.0,32920.0,543.0,-465.0,681.0,3552.0,4237.0,227.0,7.1716,7.1934,7.2203,0.0045,7.2305
2024-04-01,4672.7,31783.9,31026.4,35699.1,3.5,13640.9,3915.2,13.9,9.7,5.7,10.1,13.1,0.067,0.063,117310.55,0.108,0.0009,1075084.0,0.006,-0.0379,3011941.98,0.072,-0.0118,92.5,99.2,104.2,100.3,92.0,98.4,99.5,99.3,-0.2442,-0.1523,3349.0,-0.8983,94443.0,50.4,48.0,50.4,48.1,51.1,52.9,97.5,-0.025,97.3,-658.0,3349.0,-310.0,89.0,142.0,-4490.0,1707.0,186.0,7.2249,7.2249,7.2401,0.0027,7.2474
2024-05-01,5099.8,34937.0,34111.2,39211.0,4.8,14988.2,4274.0,12.7,9.6,5.8,8.1,14.8,0.056,0.062,117062.72,0.117,-0.0021,1064391.0,-0.008,-0.0099,3018506.73,0.07,0.0022,92.1,98.7,104.5,100.6,91.4,98.8,98.2,98.9,-0.3292,-0.1698,8197.0,1.448,102640.0,49.5,48.1,50.1,47.8,49.6,50.8,98.6,-0.014,97.6,20623.0,8197.0,-487.0,-9.0,224.0,-1331.0,285.0,111.0,7.205,7.2089,7.2415,0.0002,7.2497
2024-06-01,5590.8,36123.1,35140.8,40731.6,4.7,16994.0,4608.5,12.6,9.5,6.5,3.5,15.3,0.053,0.06,117736.77,0.117,0.0058,1089170.0,-0.017,0.0233,3050161.54,0.062,0.0105,93.7,100.5,104.4,100.4,92.2,100.2,97.6,99.4,-0.3235,-0.2017,21927.0,1.675,124567.0,49.5,48.1,49.5,47.6,49.5,50.6,99.2,-0.008,97.9,32985.0,21927.0,-807.0,-3.0,748.0,-2045.0,2100.0,154.0,7.2365,7.2437,7.2672,0.0035,7.2689
2024-07-01,5066.0,33354.0,32691.4,37757.4,4.8,14282.8,4403.4,13.3,9.3,5.0,1.4,14.5,0.051,0.059,118840.46,0.12,0.0094,1051800.0,-0.026,-0.0343,3033060.78,0.063,-0.0056,94.4,100.1,104.4,100.2,92.8,100.0,96.7,99.5,-3.22,-0.2088,-808.0,-1.037,123759.0,49.4,48.3,49.3,47.8,49.3,50.1,99.2,-0.008,98.0,7707.0,-808.0,-890.0,345.0,-26.0,-1075.0,2036.0,231.0,7.2109,7.2673,7.2193,-0.0066,7.2775
2024-08-01,5151.2,34374.5,33574.6,38725.8,4.6,14925.5,4351.3,12.8,9.1,5.4,-0.3,14.2,0.045,0.058,119472.57,0.122,0.0053,1049684.0,-0.03,-0.002,3050461.27,0.063,0.0057,94.2,99.4,104.9,100.6,91.5,99.0,96.4,99.5,-0.2238,-0.2099,10411.0,13.88,134170.0,49.1,48.1,49.6,47.6,48.9,49.8,98.2,-0.018,98.1,30323.0,10411.0,-612.0,25.0,484.0,651.0,1703.0,132.0,7.0847,7.2121,7.09,-0.0179,7.2477
2024-09-01,6067.9,36694.9,35044.4,41112.3,5.1,16901.2,4417.4,12.0,9.2,5.8,-1.6,13.1,0.054,0.058,121830.0,0.115,0.0197,1055410.0,-0.033,0.0055,3094798.24,0.068,0.0145,92.4,98.8,104.9,100.6,89.7,98.7,95.4,99.3,-0.2218,-0.2115,19742.0,0.8963,153912.0,49.8,48.2,49.5,47.7,49.9,51.2,97.2,-0.028,98.0,37635.0,19742.0,-480.0,392.0,6.0,1312.0,-1926.0,128.0,7.0109,7.0971,7.0176,-0.0102,7.1256
2024-10-01,6141.4,40444.3,39255.0,45396.4,6.3,16985.5,4952.1,11.9,9.3,5.9,-2.8,13.2,0.053,0.058,122447.04,0.128,0.0051,1054884.0,-0.023,-0.0005,3097092.01,0.075,0.0007,93.3,100.2,105.0,100.3,91.6,101.0,95.1,99.3,-0.387,-0.2157,2965.0,-0.8498,156877.0,50.1,48.4,49.6,48.2,50.0,52.0,97.1,-0.029,97.89,14120.0,2965.0,-710.0,-219.0,172.0,-1396.0,987.0,284.0,7.0185,7.0185,7.1178,0.0143,7.1431
2024-11-01,6167.1,37961.4,37595.9,43763.0,6.1,17748.1,5801.6,11.7,9.3,7.2,-3.4,12.6,0.054,0.058,124180.26,0.127,0.0142,1076379.0,-0.007,0.0204,3119587.27,0.071,0.0073,95.1,100.4,105.0,100.6,93.8,100.9,94.7,99.5,-0.5309,-0.2323,5216.0,0.7592,162093.0,50.3,48.2,50.2,48.2,50.8,52.4,97.5,-0.025,97.9,23288.0,5216.0,-468.0,-183.0,91.0,910.0,2381.0,428.0,7.0866,7.1143,7.2423,0.0175,7.2593
2024-12-01,6726.5,39623.0,38445.0,45171.5,6.5,19453.4,5548.5,11.6,9.2,7.5,-3.9,12.0,0.062,0.058,128194.16,0.13,0.0323,1113069.0,0.012,0.0341,3135322.3,0.073,0.005,96.6,100.9,105.3,100.5,95.5,100.5,94.6,99.9,-0.2425,-0.2328,8402.0,0.6108,170495.0,50.1,48.1,50.9,48.3,51.0,52.1,97.7,-0.023,97.8,28507.0,8402.0,-675.0,-20.0,151.0,-1332.0,-159.0,484.0,7.2387,7.2528,7.2993,0.0079,7.2996
2025-02-01,,,,,,,,9.0,9.0,27.0,-8.6,9.6,,0.059,137505.54499999998,0.1345,0.021450000000000004,1109413.73,0.0025,-0.0083,3195210.21,0.07,0.0111,97.80000000000001,100.0,105.6,100.4,96.65,100.05,94.4,99.85,-0.12680000000000002,0.0439,29361.0,2.1685499999999998,55458.0,49.650000000000006,48.35,50.65,47.35,50.150000000000006,51.15,97.75,-0.0225,97.75,92877.0,58722.0,-673.0,221.0,293.0,1667.0,6156.0,549.0,7.2332,7.2758,7.2676,-0.0010500000000000002,7.3213
2025-03-01,5345.1,36705.0,35595.4,40940.5,6.3,17239.0,4235.5,8.1,9.1,24.5,-7.4,10.5,0.077,0.065,130691.86,0.115,-0.0156,1134863.1,0.016,0.037,3260554.57,0.07,0.0173,98.6,100.4,105.7,100.7,97.9,100.5,94.3,99.8,0.1614,0.0644,38234.0,4.857,96956.0,50.5,48.2,50.3,47.2,51.8,52.6,97.5,-0.025,97.7,58961.0,38234.0,-295.0,-165.0,238.0,3632.0,-905.0,412.0,7.2161,7.2826,7.2572,-0.0037,7.2935
2025-04-01,4797.8,33007.1,32376.3,37174.1,6.0,14991.6,4167.0,8.4,8.8,23.6,-7.5,9.0,0.061,0.064,131387.01,0.12,0.0053,1091407.33,0.015,-0.0383,3251739.32,0.08,-0.0027,99.4,100.1,105.9,100.5,99.0,99.4,95.0,100.1,-0.736,0.036,884.0,-0.9769,97840.0,49.0,47.9,50.2,47.0,49.2,49.8,97.3,-0.027,97.6,11599.0,884.0,-130.0,-2.0,-77.0,-2794.0,2340.0,391.0,7.2596,7.2606,7.2714,0.002,7.3511
2025-05-01,5269.0,36747.6,36056.8,41325.8,6.2,16715.8,4578.2,7.9,8.5,23.4,-8.6,7.0,0.058,0.063,131258.52,0.121,-0.001,1089147.65,0.023,-0.0021,3257838.11,0.079,0.0019,99.9,99.3,105.9,100.7,99.3,99.2,95.7,99.6,-0.2774,0.0109,5923.0,5.7,103763.0,49.5,48.1,50.0,47.4,49.8,50.7,96.7,-0.033,97.4,22900.0,5923.0,134.0,-166.0,173.0,-1164.0,1496.0,152.0,7.1679,7.2714,7.1998,-0.0098,7.2714
2025-06-01,5728.0,37579.8,36559.4,42287.4,6.0,18327.3,4707.6,6.2,7.5,22.2,-7.8,4.6,0.068,0.064,131827.18,0.12,0.0043,1139494.08,0.046,0.0462,3302868.17,0.083,0.0138,98.7,99.3,106.0,100.4,98.2,99.0,95.9,99.7,0.0763,0.0224,23600.0,2.984,127363.0,49.7,47.9,50.2,48.0,50.2,51.0,96.4,-0.036,97.2,42251.0,23600.0,325.0,-400.0,816.0,-1900.0,2422.0,203.0,7.1574,7.1998,7.1639,-0.005,7.2013
2025-07-01,5160.5,34276.1,33619.7,38780.2,5.8,15213.7,4504.1,4.6,6.2,21.7,-8.7,2.2,0.057,0.063,132844.8,0.118,0.0077,1110586.92,0.056,-0.0254,3299429.06,0.088,-0.001,97.8,99.1,106.1,100.3,97.1,98.9,96.4,100.0,-4.317,-0.0056,-4296.0,-1.182,123067.0,49.3,48.0,50.3,47.7,49.4,50.5,96.4,-0.036,97.1,11307.0,-4296.0,-87.0,-177.0,149.0,-1638.0,2748.0,505.0,7.149,7.1574,7.2005,0.0051,7.2006
2025-08-01,5281.1,35171.9,34386.5,39667.6,5.6,15841.5,4495.7,1.6,5.1,20.2,-8.8,-0.1,0.052,0.062,133402.29,0.117,0.0042,1112255.7,0.06,0.0015,3319831.44,0.088,0.0062,97.4,99.0,105.9,100.4,96.9,98.8,96.5,99.6,-0.3994,-0.0361,6253.0,2.456,129320.0,49.4,47.9,50.5,48.0,49.5,50.8,97.1,-0.029,97.1,25660.0,6253.0,-91.0,-165.0,350.0,1973.0,1338.0,456.0,7.1265,7.2019,7.1308,-0.0097,7.2142
2025-09-01,6188.4,37462.4,35782.6,41971.0,5.6,17776.1,4508.6,-0.7,4.0,19.2,-9.5,-2.1,0.065,0.062,135813.36,0.115,0.0181,1131455.07,0.072,0.0173,3353771.03,0.084,0.0102,97.6,99.0,105.6,100.3,97.3,99.1,97.4,100.2,-0.1854,-0.0553,16081.0,1.572,145401.0,49.8,48.5,50.8,48.5,49.7,51.9,97.7,-0.023,97.2,35296.0,16081.0,-129.0,283.0,62.0,3234.0,136.0,499.0,7.1034,7.1312,7.1196,-0.0016,7.15
2025-10-01,,,,,,,,-2.0,2.7,17.5,-9.4,-2.2,0.049,0.061,135478.14,0.106,-0.0025,1119962.73,0.062,-0.0102,3351312.31,0.082,-0.0007,96.6,99.1,105.7,100.3,95.3,98.9,98.0,99.9,-1.052,-0.0741,-154.0,-1.01,145247.0,49.0,48.3,50.0,47.3,48.8,49.7,97.9,-0.021,97.3,8161.0,-154.0,-200.0,1654.0,155.0,-2895.0,2500.0,695.0,7.0958,7.1196,7.1174,-0.0003,7.1433
2025-11-01,,,,,,,,-4.0,1.9,15.3,-9.5,-3.2,0.048,0.06,137369.38,0.106,0.014,1128866.64,0.049,0.008,3369890.52,0.08,0.0055,95.4,99.2,105.1,100.1,93.2,98.7,97.9,99.5,-0.2147,-0.0787,4096.0,27.6,149343.0,49.2,48.4,50.1,47.3,49.2,50.0,97.8,-0.022,97.3,,,,,,,,,7.0747,7.1197,7.0753,-0.0059,7.1334
2025-12-01,,,,,,,,,,,,,,,,,,,,,,,,,,,,,,,,,,,,,50.1,48.2,50.2,47.8,50.8,51.7,,,,,,,,,,,,6.988,7.0752,6.9888,-0.0122,7.0766
